SchoolYear,ESD,CountyNumber,County,CountyDistrictNumber,District,TotalEnrollment,NumberAmericanIndianorAlaskanNative,PercentAmericanIndianorAlaskanNative,NumberAsian,PercentAsian,NumberPacificIslander,PercentPacificIslander,NumberAsianPacificIslander,PercentAsianPacificIslander,NumberBlack,PercentBlack,NumberHispanic,PercentHispanic,NumberWhite,PercentWhite,NumberMales,PercentMales,NumberFemales,PercentFemales,NumberMigrant,PercentMigrant,NumberTransitionalBilingual,PercentTransitionalBilingual,NumberSpecialEducation,PercentSpecialEducation,NumberFreeorReducedPricedMeals,PercentFreeorReducedPricedMeals,StudentsPerClassroomTeacher,AvgYearsEducationalExperience,NumberTeachersWithAtLeastMasterDegree,PercentTeachersWithAtLeastMasterDegree
2008-09,Educational Service District 101,01,Adams,01109,Washtucna School District,63,0,0,0,0,0,0,0,0,1,1.587301587,5,7.936507937,57,90.47619048,30,47.61904762,33,52.38095238,0,0,0,0,5,7.042253521,43,60.56338028,5,12.6,9,64.3
2008-09,Educational Service District 101,01,Adams,01122,Benge School District,6,0,0,0,0,0,0,0,0,0,0,1,16.66666667,5,83.33333333,1,16.66666667,5,83.33333333,0,0,0,0,0,0,0,0,3,25,0,0
2008-09,Educational Service District 123,01,Adams,01147,Othello School District,3525,10,0.2836879433,16,0.4539007092,2,0.05673758865,18,0.510638,15,0.4255319149,2850,80.85106383,632,17.92907801,1811,51.37588652,1714,48.62411348,539,15.08114158,1271,35.56239508,348,9.736989368,2760,77.22439843,18,10.6,89,46.6
2008-09,Educational Service District 101,01,Adams,01158,Lind School District,212,6,2.830188679,5,2.358490566,0,0,5,2.35849,0,0,55,25.94339623,142,66.98113208,109,51.41509434,103,48.58490566,23,10.45454545,20,9.090909091,20,9.090909091,145,65.90909091,11,16.4,9,47.4
2008-09,Educational Service District 101,01,Adams,01160,Ritzville School District,355,6,1.690140845,5,1.408450704,0,0,5,1.40845,0,0,28,7.887323944,313,88.16901408,179,50.42253521,176,49.57746479,0,0,0,0,22,6.02739726,141,38.63013699,13,11.8,16,57.1
2008-09,Educational Service District 123,02,Asotin,02250,Clarkston School District,2699,57,2.111893294,23,0.8521674694,4,0.1482030382,27,1.00037,38,1.407928863,92,3.408669878,2429,89.99629492,1388,51.42645424,1311,48.57354576,0,0,25,0.904159132,509,18.40867993,1379,49.87341772,18,15.3,84,56.4
2008-09,Educational Service District 123,02,Asotin,02420,Asotin-Anatone School District,602,9,1.495016611,4,0.6644518272,0,0,4,0.664452,4,0.6644518272,6,0.9966777409,574,95.34883721,316,52.49169435,286,47.50830565,0,0,0,0,106,15.8445441,226,33.78176383,15,14.4,21,53.8
2008-09,Educational Service District 123,03,Benton,03017,Kennewick School District,15415,130,0.8433344145,332,2.153746351,47,0.3048978268,379,2.45864,352,2.283490107,4327,28.07006163,9684,62.82192669,7964,51.66396367,7451,48.33603633,1554,10.03940823,1660,10.72420699,1829,11.81600879,5895,38.08385555,19,14.3,568,69.3
2008-09,Educational Service District 123,03,Benton,03050,Paterson School District,95,0,0,1,1.052631579,0,0,1,1.05263,0,0,47,49.47368421,47,49.47368421,48,50.52631579,47,49.47368421,40,36.36363636,32,29.09090909,12,10.90909091,61,55.45454545,11,12.1,6,66.7
2008-09,Educational Service District 123,03,Benton,03052,Kiona-Benton City School District,1528,7,0.4581151832,12,0.7853403141,1,0.06544502618,13,0.850785,11,0.719895288,465,30.43193717,1028,67.27748691,814,53.27225131,714,46.72774869,172,10.99744246,177,11.31713555,250,15.98465473,883,56.45780051,17,13.2,52,57.8
2008-09,Educational Service District 123,03,Benton,03053,Finley School District,984,13,1.321138211,7,0.7113821138,0,0,7,0.711382,5,0.5081300813,247,25.10162602,690,70.12195122,505,51.32113821,479,48.67886179,45,4.550050556,121,12.23458038,136,13.7512639,631,63.80182002,16,15.8,39,61.9
2008-09,Educational Service District 123,03,Benton,03116,Prosser School District,2879,13,0.4515456756,22,0.7641542202,3,0.1042028482,25,0.868357,19,0.659951372,1455,50.53838138,1309,45.4671761,1463,50.81625564,1416,49.18374436,680,23.57836338,529,18.34257975,358,12.41331484,1751,60.71428571,17,13.9,115,69.3
2008-09,Educational Service District 123,03,Benton,03400,Richland School District,10599,118,1.113312577,503,4.745730729,12,0.1132182281,515,4.85895,291,2.745542032,906,8.547976224,8648,81.59260308,5468,51.58977262,5131,48.41022738,0,0,231,2.153846154,1271,11.85081585,3208,29.91142191,19,12.6,371,65.2
2008-09,North Central Educational Service District 171,04,Chelan,04019,Manson School District,606,2,0.3300330033,2,0.3300330033,0,0,2,0.330033,1,0.1650165017,419,69.14191419,182,30.0330033,327,53.96039604,279,46.03960396,37,5.683563748,211,32.41167435,71,10.906298,464,71.2749616,14,12.2,30,68.2
2008-09,North Central Educational Service District 171,04,Chelan,04069,Stehekin School District,18,0,0,0,0,0,0,0,0,0,0,0,0,18,100,10,55.55555556,8,44.44444444,0,0,0,0,0,0,0,0,18,30,1,100
2008-09,North Central Educational Service District 171,04,Chelan,04127,Entiat School District,365,7,1.917808219,15,4.109589041,0,0,15,4.10959,3,0.8219178082,103,28.21917808,236,64.65753425,197,53.97260274,168,46.02739726,11,2.949061662,41,10.9919571,42,11.26005362,205,54.95978552,16,11.9,15,65.2
2008-09,North Central Educational Service District 171,04,Chelan,04129,Lake Chelan School District,1400,22,1.571428571,3,0.2142857143,0,0,3,0.214286,1,0.07142857143,653,46.64285714,717,51.21428571,746,53.28571429,654,46.71428571,78,5.543710021,278,19.7583511,139,9.879175551,830,58.99076048,17,14.2,50,61
2008-09,North Central Educational Service District 171,04,Chelan,04222,Cashmere School District,1504,17,1.130319149,16,1.063829787,1,0.0664893617,17,1.13032,11,0.7313829787,483,32.1143617,966,64.2287234,761,50.59840426,743,49.40159574,112,7.436918991,183,12.15139442,119,7.901726428,663,44.02390438,17,12.1,57,66.3
2008-09,North Central Educational Service District 171,04,Chelan,04228,Cascade School District,1247,9,0.7217321572,10,0.8019246191,0,0,10,0.801925,11,0.882117081,349,27.98716921,868,69.60705694,618,49.55894146,629,50.44105854,1,0.08045052293,151,12.14802896,125,10.05631537,574,46.17860016,17,12.5,42,58.3
2008-09,North Central Educational Service District 171,04,Chelan,04246,Wenatchee School District,7728,89,1.151656315,113,1.462215321,8,0.1035196687,121,1.56573,50,0.6469979296,3010,38.94927536,4334,56.08178054,3882,50.23291925,3846,49.76708075,1452,18.91363814,1467,19.10902696,830,10.81151491,4099,53.39325257,17,11.8,282,61.7
2008-09,Olympic Educational Service District 114,05,Clallam,05121,Port Angeles School District,4211,344,8.169080978,91,2.161006887,9,0.2137259558,100,2.37473,79,1.876038946,158,3.752077891,3460,82.16575635,2159,51.27048207,2052,48.72951793,1,0.02399232246,52,1.247600768,626,15.01919386,1818,43.61804223,17,14,159,64.1
2008-09,Olympic Educational Service District 114,05,Clallam,05313,Crescent School District,238,22,9.243697479,0,0,0,0,0,0,5,2.100840336,9,3.781512605,202,84.87394958,119,50,119,50,0,0,0,0,25,9.765625,101,39.453125,11,12.8,12,57.1
2008-09,Olympic Educational Service District 114,05,Clallam,05323,Sequim School District,2982,133,4.460093897,119,3.990610329,0,0,119,3.99061,42,1.408450704,200,6.706908115,2487,83.40040241,1584,53.11871227,1398,46.88128773,5,0.1680107527,37,1.24327957,349,11.72715054,1099,36.92876344,19,13.7,99,61.5
2008-09,Olympic Educational Service District 114,05,Clallam,05401,Cape Flattery School District,454,319,70.26431718,5,1.101321586,0,0,5,1.10132,0,0,10,2.202643172,108,23.78854626,235,51.76211454,219,48.23788546,0,0,93,19.70338983,63,13.34745763,312,66.10169492,11,10.6,18,41.9
2008-09,Olympic Educational Service District 114,05,Clallam,05402,Quillayute Valley School District,2796,299,10.69384835,47,1.680972818,22,0.7868383405,69,2.46781,54,1.931330472,329,11.76680973,1844,65.95135908,1246,44.56366237,1550,55.43633763,32,0.9487103469,99,2.935072636,202,5.988734065,1077,31.93003261,37,14.4,46,61.3
2008-09,Educational Service District 112,06,Clark,06037,Vancouver School District,22617,336,1.485608171,1010,4.465667418,319,1.410443472,1329,5.87611,1208,5.34111509,2931,12.95927842,16386,72.44992705,11609,51.32864659,11008,48.67135341,37,0.1664716998,1851,8.328084226,2744,12.3459012,10516,47.31395663,18,11.9,912,71.4
2008-09,Educational Service District 112,06,Clark,06098,Hockinson School District,2039,6,0.2942618931,40,1.961745954,0,0,40,1.96175,7,0.3433055419,57,2.795487984,1906,93.4771947,1066,52.28052967,973,47.71947033,0,0,22,1.061263869,220,10.61263869,385,18.5721177,19,14.3,74,68.5
2008-09,Educational Service District 112,06,Clark,06101,La Center School District,1550,19,1.225806452,20,1.290322581,1,0.06451612903,21,1.35484,7,0.4516129032,55,3.548387097,1415,91.29032258,803,51.80645161,747,48.19354839,0,0,17,1.075949367,193,12.21518987,400,25.3164557,20,13.2,58,73.4
2008-09,Educational Service District 112,06,Clark,06103,Green Mountain School District,121,0,0,1,0.826446281,0,0,1,0.826446,0,0,0,0,115,95.04132231,62,51.23966942,59,48.76033058,0,0,0,0,9,7.317073171,42,34.14634146,20,7.3,3,50
2008-09,Educational Service District 112,06,Clark,06112,Washougal School District,3034,41,1.351351351,87,2.867501648,2,0.06591957811,89,2.93342,35,1.153592617,129,4.251812788,2692,88.72775214,1603,52.83454186,1431,47.16545814,0,0,49,1.634968302,406,13.54688021,1062,35.43543544,18,12.2,108,63.5
2008-09,Educational Service District 112,06,Clark,06114,Evergreen School District (Clark),26191,302,1.153067848,2000,7.636210912,322,1.229429957,2322,8.86564,984,3.757015769,2297,8.770188233,19146,73.10144706,13477,51.45660723,12714,48.54339277,0,0,2081,7.979600445,3383,12.97212316,10362,39.7331186,18,11.4,1041,72.2
2008-09,Educational Service District 112,06,Clark,06117,Camas School District,5734,56,0.9766306243,375,6.539937217,2,0.03487966516,377,6.57482,102,1.778862923,164,2.860132543,4856,84.687827,2964,51.69166376,2770,48.30833624,0,0,86,1.490467938,723,12.53032929,1080,18.71750433,18,11.2,263,81.4
2008-09,Educational Service District 112,06,Clark,06119,Battle Ground School District,13268,110,0.8290624058,371,2.796201387,18,0.1356647573,389,2.93187,142,1.070244197,561,4.22821827,11616,87.54899005,6811,51.33403678,6457,48.66596322,0,0,646,4.905459792,1570,11.92193788,4371,33.1915863,19,13.1,457,64.8
2008-09,Educational Service District 112,06,Clark,06122,Ridgefield School District,2149,21,0.9771986971,88,4.094927873,2,0.09306654258,90,4.18799,17,0.7910656119,137,6.375058167,1846,85.9004188,1071,49.83713355,1078,50.16286645,0,0,69,3.194444444,257,11.89814815,550,25.46296296,20,12.4,89,82.4
2008-09,Educational Service District 123,07,Columbia,07002,Dayton School District,514,4,0.7782101167,9,1.750972763,0,0,9,1.75097,7,1.361867704,52,10.11673152,441,85.79766537,251,48.83268482,263,51.16731518,0,0,0,0,46,8.518518519,236,43.7037037,15,15.7,18,52.9
2008-09,Educational Service District 123,07,Columbia,07035,Starbuck School District,27,0,0,0,0,0,0,0,0,0,0,0,0,27,100,9,33.33333333,18,66.66666667,0,0,0,0,4,12.90322581,7,22.58064516,14,4.6,1,50
2008-09,Educational Service District 112,08,Cowlitz,08122,Longview School District,7271,265,3.644615596,186,2.558107551,40,0.550130656,226,3.10824,127,1.746664833,827,11.37395131,5384,74.0475863,3749,51.56099574,3522,48.43900426,0,0,308,4.322807018,994,13.95087719,3619,50.79298246,19,14.6,272,70.6
2008-09,Educational Service District 112,08,Cowlitz,08130,Toutle Lake School District,625,16,2.56,5,0.8,4,0.64,9,1.44,7,1.12,23,3.68,570,91.2,327,52.32,298,47.68,0,0,0,0,78,12.74509804,208,33.9869281,18,17.5,26,74.3
2008-09,Educational Service District 112,08,Cowlitz,08401,Castle Rock School District,1378,30,2.177068215,21,1.52394775,0,0,21,1.52395,10,0.7256894049,58,4.208998549,1236,89.69521045,690,50.07256894,688,49.92743106,0,0,34,2.407932011,212,15.01416431,575,40.7223796,18,11.6,59,76.6
2008-09,Educational Service District 112,08,Cowlitz,08402,Kalama School District,1009,13,1.288404361,13,1.288404361,2,0.1982160555,15,1.48662,8,0.792864222,33,3.270564916,931,92.26957384,524,51.93260654,485,48.06739346,0,0,0,0,120,11.52737752,320,30.73967339,19,9.4,33,62.3
2008-09,Educational Service District 112,08,Cowlitz,08404,Woodland School District,2247,22,0.9790832221,28,1.246105919,7,0.3115264798,35,1.55763,32,1.42412105,238,10.59190031,1900,84.55718736,1188,52.87049399,1059,47.12950601,0,0,102,4.551539491,209,9.326193664,963,42.97188755,19,13.5,75,62
2008-09,Educational Service District 112,08,Cowlitz,08458,Kelso School District,5185,316,6.094503375,84,1.620057859,5,0.09643201543,89,1.71649,69,1.330761813,482,9.296046287,4137,79.78784957,2660,51.30183221,2525,48.69816779,0,0,181,3.53515625,676,13.203125,2571,50.21484375,18,13.3,202,69.2
2008-09,North Central Educational Service District 171,09,Douglas,09013,Orondo School District,202,1,0.495049505,0,0,0,0,0,0,0,0,150,74.25742574,51,25.24752475,100,49.5049505,102,50.4950495,44,19.46902655,90,39.82300885,23,10.17699115,226,100,13,13.5,10,62.5
2008-09,North Central Educational Service District 171,09,Douglas,09075,Bridgeport School District,775,6,0.7741935484,0,0,0,0,0,0,3,0.3870967742,677,87.35483871,88,11.35483871,422,54.4516129,353,45.5483871,157,20.12820513,348,44.61538462,92,11.79487179,685,87.82051282,17,12.5,21,45.7
2008-09,North Central Educational Service District 171,09,Douglas,09102,Palisades School District,27,0,0,0,0,0,0,0,0,0,0,27,100,0,0,14,51.85185185,13,48.14814815,16,55.17241379,21,72.4137931,0,0,29,100,9,3.1,1,33.3
2008-09,North Central Educational Service District 171,09,Douglas,09206,Eastmont School District,5482,62,1.130974097,49,0.893834367,5,0.09120758847,54,0.985042,38,0.6931776724,1822,33.23604524,3365,61.38270704,2788,50.85735133,2694,49.14264867,769,13.90093999,821,14.84092552,691,12.49096168,2860,51.69920463,16,12.7,240,68
2008-09,North Central Educational Service District 171,09,Douglas,09207,Mansfield School District,80,2,2.5,0,0,0,0,0,0,3,3.75,12,15,59,73.75,41,51.25,39,48.75,0,0,1,1.298701299,14,18.18181818,53,68.83116883,7,17,5,41.7
2008-09,North Central Educational Service District 171,09,Douglas,09209,Waterville School District,299,3,1.003344482,3,1.003344482,0,0,3,1.00334,0,0,54,18.06020067,239,79.93311037,166,55.51839465,133,44.48160535,2,0.701754386,22,7.719298246,49,17.19298246,140,49.12280702,15,13.9,14,70
2008-09,Educational Service District 101,10,Ferry,10003,Keller School District,35,31,88.57142857,0,0,0,0,0,0,0,0,0,0,4,11.42857143,23,65.71428571,12,34.28571429,0,0,0,0,7,22.58064516,29,93.5483871,9,4.4,0,0
2008-09,Educational Service District 101,10,Ferry,10050,Curlew School District,233,5,2.145922747,3,1.287553648,0,0,3,1.28755,0,0,3,1.287553648,213,91.41630901,117,50.21459227,116,49.78540773,0,0,0,0,25,9.803921569,136,53.33333333,12,11,13,68.4
2008-09,Educational Service District 101,10,Ferry,10065,Orient School District,174,1,0.5747126437,3,1.724137931,2,1.149425287,5,2.87356,7,4.022988506,3,1.724137931,146,83.90804598,82,47.12643678,92,52.87356322,0,0,0,0,7,6.034482759,33,28.44827586,29,10.9,4,66.7
2008-09,Educational Service District 101,10,Ferry,10070,Inchelium School District,209,165,78.94736842,3,1.435406699,0,0,3,1.43541,1,0.4784688995,2,0.956937799,38,18.18181818,109,52.15311005,100,47.84688995,0,0,0,0,26,12.44019139,144,68.89952153,10,11.6,12,60
2008-09,Educational Service District 101,10,Ferry,10309,Republic School District,400,14,3.5,8,2,2,0.5,10,2.5,5,1.25,13,3.25,353,88.25,206,51.5,194,48.5,0,0,0,0,43,10.14150943,241,56.83962264,15,9.6,16,59.3
2008-09,Educational Service District 123,11,Franklin,11001,Pasco School District,13871,56,0.4037199913,194,1.398601399,15,0.1081392834,209,1.50674,335,2.415110663,9583,69.08658352,3582,25.82366088,7230,52.1231346,6641,47.8768654,1376,9.935018051,4846,34.98916968,1790,12.92418773,9718,70.16606498,17,10.7,528,64.7
2008-09,Educational Service District 123,11,Franklin,11051,North Franklin School District,1924,10,0.5197505198,28,1.455301455,4,0.2079002079,32,1.6632,7,0.3638253638,1203,62.52598753,671,34.87525988,1015,52.75467775,909,47.24532225,283,14.43141254,675,34.42121367,266,13.5645079,1423,72.56501785,17,11.1,55,49.5
2008-09,Educational Service District 123,11,Franklin,11054,Star School District,10,0,0,0,0,0,0,0,0,0,0,2,20,8,80,7,70,3,30,0,0,0,0,0,0,0,0,5,7.3,0,0
2008-09,Educational Service District 123,11,Franklin,11056,Kahlotus School District,63,8,12.6984127,3,4.761904762,0,0,3,4.7619,0,0,4,6.349206349,48,76.19047619,31,49.20634921,32,50.79365079,0,0,0,0,4,7.01754386,29,50.87719298,5,12.4,8,61.5
2008-09,Educational Service District 123,12,Garfield,12110,Pomeroy School District,331,3,0.9063444109,5,1.510574018,0,0,5,1.51057,0,0,14,4.229607251,309,93.35347432,177,53.47432024,154,46.52567976,0,0,5,1.483679525,67,19.88130564,151,44.80712166,14,17.9,16,66.7
2008-09,Educational Service District 105,13,Grant,13073,Wahluke School District,1992,12,0.6024096386,1,0.05020080321,0,0,1,0.0502008,1,0.05020080321,1863,93.52409639,115,5.773092369,999,50.15060241,993,49.84939759,522,26.27075994,1154,58.07750377,171,8.605938601,1209,60.84549572,18,8.5,42,37.5
2008-09,North Central Educational Service District 171,13,Grant,13144,Quincy School District,2476,6,0.2423263328,4,0.1615508885,0,0,4,0.161551,5,0.2019386107,1927,77.82714055,517,20.88045234,1300,52.50403877,1176,47.49596123,50,1.99044586,837,33.32006369,270,10.74840764,1985,79.02070064,15,10.1,100,59.5
2008-09,North Central Educational Service District 171,13,Grant,13146,Warden School District,974,9,0.9240246407,10,1.026694045,1,0.1026694045,11,1.12936,0,0,732,75.15400411,219,22.48459959,500,51.33470226,474,48.66529774,184,18.83316274,297,30.39918117,129,13.20368475,758,77.58444217,16,12.3,40,65.6
2008-09,North Central Educational Service District 171,13,Grant,13151,Coulee-Hartline School District,142,3,2.112676056,1,0.7042253521,0,0,1,0.704225,2,1.408450704,2,1.408450704,133,93.66197183,83,58.45070423,59,41.54929577,0,0,0,0,15,8.571428571,63,36,9,14,10,62.5
2008-09,North Central Educational Service District 171,13,Grant,13156,Soap Lake School District,507,9,1.775147929,0,0,0,0,0,0,6,1.183431953,115,22.68244576,377,74.35897436,251,49.50690335,256,50.49309665,5,0.9689922481,95,18.41085271,52,10.07751938,361,69.96124031,15,10.9,13,38.2
2008-09,Educational Service District 105,13,Grant,13160,Royal School District,1406,0,0,4,0.2844950213,0,0,4,0.284495,3,0.213371266,1093,77.73826458,304,21.62162162,716,50.92460882,690,49.07539118,251,17.82670455,562,39.91477273,157,11.15056818,1117,79.33238636,17,12.8,51,61.4
2008-09,North Central Educational Service District 171,13,Grant,13161,Moses Lake School District,7652,99,1.293779404,106,1.385258756,0,0,106,1.38526,179,2.33925771,2691,35.16727653,4577,59.8144276,3915,51.16309462,3737,48.83690538,268,3.515676243,607,7.962744326,955,12.52787616,4608,60.44864227,17,13.6,308,68.9
2008-09,North Central Educational Service District 171,13,Grant,13165,Ephrata School District,2295,18,0.7843137255,39,1.699346405,0,0,39,1.69935,32,1.394335512,475,20.69716776,1715,74.72766885,1210,52.72331155,1085,47.27668845,78,3.35483871,163,7.010752688,312,13.41935484,1159,49.84946237,17,12.8,85,62
2008-09,North Central Educational Service District 171,13,Grant,13167,Wilson Creek School District,126,0,0,2,1.587301587,0,0,2,1.5873,1,0.7936507937,12,9.523809524,108,85.71428571,63,50,63,50,0,0,0,0,13,9.848484848,67,50.75757576,9,19.2,12,85.7
2008-09,North Central Educational Service District 171,13,Grant,13301,Grand Coulee Dam School District,698,373,53.43839542,8,1.146131805,0,0,8,1.14613,3,0.4297994269,29,4.154727794,276,39.54154728,316,45.2722063,382,54.7277937,0,0,0,0,97,14.01734104,412,59.53757225,17,13.7,24,57.1
2008-09,Educational Service District 113,14,Grays Harbor,14005,Aberdeen School District,3459,158,4.56779416,93,2.688638335,5,0.1445504481,98,2.83319,32,0.9251228679,629,18.18444637,2422,70.02023706,1772,51.22867881,1687,48.77132119,105,3.01464255,239,6.86190066,538,15.44645421,2188,62.81940856,17,12.7,133,64.3
2008-09,Educational Service District 113,14,Grays Harbor,14028,Hoquiam School District,1983,142,7.160867373,30,1.512859304,2,0.1008572869,32,1.61372,21,1.059001513,213,10.74130106,1555,78.4165406,1031,51.99193142,952,48.00806858,0,0,44,2.172839506,212,10.4691358,1238,61.13580247,17,12.7,69,60
2008-09,Educational Service District 113,14,Grays Harbor,14064,North Beach School District,672,76,11.30952381,21,3.125,1,0.1488095238,22,3.27381,15,2.232142857,28,4.166666667,525,78.125,368,54.76190476,304,45.23809524,0,0,0,0,91,13.03724928,378,54.15472779,15,12,13,29.5
2008-09,Educational Service District 113,14,Grays Harbor,14065,McCleary School District,268,8,2.985074627,3,1.119402985,0,0,3,1.1194,5,1.865671642,8,2.985074627,244,91.04477612,129,48.13432836,139,51.86567164,0,0,0,0,38,11.04651163,162,47.09302326,16,9.8,8,47.1
2008-09,Educational Service District 113,14,Grays Harbor,14066,Montesano School District,1316,28,2.127659574,18,1.367781155,3,0.2279635258,21,1.59574,7,0.5319148936,50,3.799392097,1155,87.76595745,674,51.21580547,642,48.78419453,0,0,17,1.296720061,156,11.8993135,416,31.73150267,18,13.7,53,70.7
2008-09,Educational Service District 113,14,Grays Harbor,14068,Elma School District,1779,55,3.091624508,15,0.8431703204,5,0.2810567735,20,1.12423,22,1.236649803,154,8.656548623,1452,81.61888702,925,51.99550309,854,48.00449691,49,2.742025741,74,4.141018467,263,14.71740347,838,46.89423615,18,14.9,70,70.7
2008-09,Educational Service District 113,14,Grays Harbor,14077,Taholah School District,201,176,87.56218905,1,0.4975124378,1,0.4975124378,2,0.995025,6,2.985074627,0,0,5,2.487562189,116,57.71144279,85,42.28855721,0,0,0,0,42,21.31979695,162,82.23350254,11,12.7,10,52.6
2008-09,Educational Service District 113,14,Grays Harbor,14097,Lake Quinault School District,225,64,28.44444444,1,0.4444444444,0,0,1,0.444444,3,1.333333333,59,26.22222222,96,42.66666667,118,52.44444444,107,47.55555556,0,0,38,16.52173913,25,10.86956522,190,82.60869565,11,8.4,10,47.6
2008-09,Educational Service District 113,14,Grays Harbor,14099,Cosmopolis School District,177,4,2.259887006,3,1.694915254,1,0.5649717514,4,2.25989,3,1.694915254,7,3.95480226,153,86.44067797,84,47.45762712,93,52.54237288,0,0,0,0,21,10.3960396,81,40.0990099,18,11.7,5,50
2008-09,Educational Service District 113,14,Grays Harbor,14104,Satsop School District,52,4,7.692307692,0,0,1,1.923076923,1,1.92308,0,0,2,3.846153846,45,86.53846154,22,42.30769231,30,57.69230769,0,0,0,0,7,13.46153846,23,44.23076923,9,20.6,3,50
2008-09,Educational Service District 113,14,Grays Harbor,14117,Wishkah Valley School District,146,0,0,1,0.6849315068,0,0,1,0.684932,0,0,4,2.739726027,140,95.89041096,79,54.10958904,67,45.89041096,0,0,0,0,9,5.960264901,73,48.34437086,9,11.9,7,43.8
2008-09,Educational Service District 113,14,Grays Harbor,14172,Ocosta School District,669,73,10.91180867,15,2.242152466,4,0.5979073244,19,2.84006,15,2.242152466,56,8.370702541,506,75.63527653,342,51.12107623,327,48.87892377,75,10.79136691,35,5.035971223,92,13.23741007,438,63.02158273,15,11.6,30,65.2
2008-09,Educational Service District 113,14,Grays Harbor,14400,Oakville School District,297,108,36.36363636,3,1.01010101,0,0,3,1.0101,6,2.02020202,15,5.050505051,161,54.20875421,143,48.14814815,154,51.85185185,0,0,0,0,41,14.18685121,228,78.89273356,17,12.9,11,64.7
2008-09,Northwest Educational Service District 189,15,Island,15201,Oak Harbor School District,5690,84,1.476274165,795,13.97188049,24,0.4217926186,819,14.3937,404,7.100175747,423,7.434094903,3775,66.34446397,2961,52.03866432,2729,47.96133568,0,0,123,2.157516225,753,13.20820909,1965,34.46763726,20,12.9,188,64.6
2008-09,Northwest Educational Service District 189,15,Island,15204,Coupeville School District,1112,11,0.9892086331,29,2.607913669,0,0,29,2.60791,26,2.338129496,68,6.115107914,949,85.34172662,586,52.69784173,526,47.30215827,0,0,27,2.380952381,144,12.6984127,349,30.77601411,19,13.4,43,72.9
2008-09,Northwest Educational Service District 189,15,Island,15206,South Whidbey School District,1909,32,1.676270299,77,4.033525406,3,0.1571503405,80,4.19068,42,2.200104767,60,3.14300681,1678,87.89942378,943,49.39759036,966,50.60240964,0,0,10,0.5341880342,220,11.75213675,401,21.42094017,17,14.6,68,60.2
2008-09,Olympic Educational Service District 114,16,Jefferson,16020,Queets-Clearwater School District,30,25,83.33333333,0,0,0,0,0,0,0,0,0,0,5,16.66666667,18,60,12,40,0,0,0,0,3,11.53846154,24,92.30769231,10,5.2,2,66.7
2008-09,Olympic Educational Service District 114,16,Jefferson,16046,Brinnon School District,31,0,0,0,0,0,0,0,0,0,0,1,3.225806452,26,83.87096774,12,38.70967742,19,61.29032258,0,0,0,0,6,14.63414634,28,68.29268293,6,5.2,4,80
2008-09,Olympic Educational Service District 114,16,Jefferson,16048,Quilcene School District,237,10,4.219409283,3,1.265822785,0,0,3,1.26582,1,0.4219409283,12,5.063291139,208,87.76371308,131,55.2742616,106,44.7257384,0,0,0,0,28,11.71548117,121,50.62761506,12,15,12,63.2
2008-09,Olympic Educational Service District 114,16,Jefferson,16049,Chimacum School District,1129,33,2.922940655,30,2.657218778,0,0,30,2.65722,19,1.682905226,55,4.871567759,976,86.44818423,579,51.28432241,550,48.71567759,0,0,13,1.145374449,144,12.68722467,463,40.79295154,18,14.4,36,56.3
2008-09,Olympic Educational Service District 114,16,Jefferson,16050,Port Townsend School District,1504,48,3.191489362,62,4.122340426,7,0.4654255319,69,4.58777,27,1.795212766,52,3.457446809,1263,83.97606383,756,50.26595745,748,49.73404255,0,0,18,1.156812339,222,14.26735219,623,40.03856041,17,14.3,57,63.3
2008-09,Puget Sound Educational Service District 121,17,King,17001,Seattle Public Schools,45968,894,1.944831187,10093,21.95657849,0,0,10093,21.9566,9692,21.08423251,5356,11.65158371,19933,43.3627741,23515,51.15515141,22453,48.84484859,274,0.591001251,5434,11.72080583,6576,14.18403002,19155,41.3161641,17,11.8,1675,62.6
2008-09,Puget Sound Educational Service District 121,17,King,17210,Federal Way School District,22318,278,1.245631329,3369,15.09543866,660,2.957254234,4029,18.0527,2902,13.00295725,4263,19.10117394,9652,43.24760283,11506,51.55479882,10812,48.44520118,0,0,2679,12.01830335,2949,13.22955453,10407,46.68700372,18,11.1,710,56.8
2008-09,Puget Sound Educational Service District 121,17,King,17216,Enumclaw School District,4536,235,5.180776014,67,1.47707231,7,0.1543209877,74,1.63139,40,0.8818342152,362,7.980599647,3783,83.3994709,2335,51.47707231,2201,48.52292769,0,0,139,3.036923749,541,11.81996941,1203,26.28359187,18,13,170,67.5
2008-09,Puget Sound Educational Service District 121,17,King,17400,Mercer Island School District,4117,12,0.2914743745,803,19.50449356,4,0.09715812485,807,19.6017,45,1.093028905,82,1.991741559,3088,75.00607238,2196,53.33981054,1921,46.66018946,0,0,79,1.911444471,402,9.726590854,61,1.475925478,16,12.6,195,74.7
2008-09,Puget Sound Educational Service District 121,17,King,17401,Highline School District,17548,326,1.857761568,3775,21.51242307,0,0,3775,21.5124,2598,14.80510599,4962,28.27672669,5846,33.31433782,9107,51.89765215,8441,48.10234785,0,0,3376,19.33340969,2176,12.46134463,10535,60.33100447,17,11.1,610,59.3
2008-09,Puget Sound Educational Service District 121,17,King,17402,Vashon Island School District,1553,21,1.352221507,49,3.155183516,4,0.2575660013,53,3.41275,18,1.159047006,64,4.121056021,1321,85.06117193,800,51.51320026,753,48.48679974,0,0,22,1.38626339,162,10.20793951,229,14.42974165,17,12.8,57,64
2008-09,Puget Sound Educational Service District 121,17,King,17403,Renton School District,14024,167,1.190815744,3528,25.15687393,0,0,3528,25.1569,2794,19.92298916,2442,17.41300627,5093,36.31631489,7309,52.11779806,6715,47.88220194,0,0,2056,14.66371871,1778,12.68097853,6677,47.62142501,16,11.6,610,67.7
2008-09,Puget Sound Educational Service District 121,17,King,17404,Skykomish School District,66,6,9.090909091,3,4.545454545,0,0,3,4.54545,0,0,0,0,53,80.3030303,35,53.03030303,31,46.96969697,0,0,0,0,11,17.74193548,41,66.12903226,6,17.7,8,66.7
2008-09,Puget Sound Educational Service District 121,17,King,17405,Bellevue School District,17249,54,0.3130616268,4635,26.87112296,0,0,4635,26.8711,456,2.643631515,1359,7.878717607,9140,52.98857905,9052,52.47840455,8197,47.52159545,0,0,1602,9.223859972,1914,11.02026716,3251,18.71833257,16,9.6,692,64.7
2008-09,Puget Sound Educational Service District 121,17,King,17406,Tukwila School District,2822,32,1.133947555,540,19.13536499,103,3.649893692,643,22.7853,651,23.06874557,694,24.5924876,693,24.55705174,1473,52.19702339,1349,47.80297661,0,0,1015,34.84380364,255,8.753861998,2148,73.73841401,17,9.6,107,66
2008-09,Puget Sound Educational Service District 121,17,King,17407,Riverview School District,3199,55,1.719287277,109,3.407314786,3,0.09377930603,112,3.50109,25,0.7814942169,238,7.439824945,2701,84.4326352,1630,50.95342294,1569,49.04657706,0,0,58,1.801801802,356,11.0593352,443,13.7620379,19,13.1,104,63
2008-09,Puget Sound Educational Service District 121,17,King,17408,Auburn School District,14937,646,4.324830957,1662,11.12673228,44,0.2945705296,1706,11.4213,1163,7.786034679,2485,16.63654014,8840,59.1818973,7664,51.30883042,7273,48.69116958,0,0,1696,11.38560687,1736,11.65413534,6605,44.34076262,19,12.1,509,63.2
2008-09,Puget Sound Educational Service District 121,17,King,17409,Tahoma School District,7377,70,0.9488952149,347,4.703809137,1,0.01355564593,348,4.71736,186,2.521350142,386,5.232479328,6298,85.37345805,3757,50.92856175,3620,49.07143825,0,0,147,1.978199435,847,11.39819674,942,12.67662495,19,11.6,267,68.8
2008-09,Puget Sound Educational Service District 121,17,King,17410,Snoqualmie Valley School District,5911,51,0.8627981729,218,3.688039249,20,0.3383522247,238,4.02639,52,0.8797157841,230,3.891050584,5159,87.27795635,3082,52.14007782,2829,47.85992218,0,0,93,1.581901684,613,10.42694336,685,11.65164144,20,12.7,193,64.5
2008-09,Puget Sound Educational Service District 121,17,King,17411,Issaquah School District,16696,124,0.7426928606,3527,21.12482032,64,0.3833253474,3591,21.5081,394,2.35984667,861,5.156923814,11663,69.8550551,8567,51.31169142,8129,48.68830858,0,0,615,3.672299516,1575,9.404669493,1383,8.258195498,19,11.6,585,66.8
2008-09,Puget Sound Educational Service District 121,17,King,17412,Shoreline School District,9168,110,1.19982548,1659,18.09554974,49,0.5344677138,1708,18.63,663,7.231675393,584,6.369982548,5662,61.7582897,4759,51.90881326,4409,48.09118674,0,0,574,6.267059723,1132,12.35942789,2167,23.65978819,18,13.1,369,70.7
2008-09,Puget Sound Educational Service District 121,17,King,17414,Lake Washington School District,23937,147,0.6141120441,3734,15.59928145,65,0.271546142,3799,15.8708,565,2.360362619,1682,7.026778627,16854,70.40982579,12411,51.84860258,11526,48.15139742,0,0,1157,4.804418238,2647,10.99161199,2948,12.24150818,16,12.7,902,60.4
2008-09,Puget Sound Educational Service District 121,17,King,17415,Kent School District,27443,329,1.198848522,4342,15.82188536,628,2.28837955,4970,18.1103,2920,10.64023613,3430,12.49863353,13349,48.64264111,14269,51.99504427,13174,48.00495573,1,0.003660456093,3954,14.47344339,3373,12.3467184,11439,41.87195725,18,12.1,990,65.4
2008-09,Puget Sound Educational Service District 121,17,King,17417,Northshore School District,19818,186,0.9385407206,2258,11.39368251,102,0.514683621,2360,11.9084,388,1.957816127,1512,7.629427793,14363,72.47451811,10107,50.99909173,9711,49.00090827,0,0,901,4.523319444,2671,13.4093077,2931,14.71459411,18,13.7,738,65.6
2008-09,Olympic Educational Service District 114,18,Kitsap,18100,Bremerton School District,5061,191,3.773957716,381,7.528156491,122,2.410590792,503,9.93875,504,9.958506224,362,7.152736613,2985,58.98043865,2632,52.0055325,2429,47.9944675,0,0,131,2.525544631,743,14.32427222,3077,59.32138037,15,14.3,184,55.9
2008-09,Puget Sound Educational Service District 121,18,Kitsap,18303,Bainbridge Island School District,4016,54,1.344621514,201,5.00498008,10,0.2490039841,211,5.25398,44,1.09561753,118,2.938247012,3502,87.20119522,2044,50.89641434,1972,49.10358566,0,0,28,0.6953066799,509,12.63968215,241,5.984603924,17,13.5,185,78.1
2008-09,Olympic Educational Service District 114,18,Kitsap,18400,North Kitsap School District,6762,465,6.876663709,279,4.125998225,53,0.7837917776,332,4.90979,80,1.183081928,423,6.255545697,5236,77.43271222,3476,51.40490979,3286,48.59509021,0,0,214,3.114539368,951,13.84078009,2154,31.3491486,18,13.3,253,68
2008-09,Olympic Educational Service District 114,18,Kitsap,18401,Central Kitsap School District,11886,140,1.177856302,897,7.546693589,418,3.516742386,1315,11.0634,480,4.038364462,536,4.509506983,8088,68.04644119,6119,51.48073364,5767,48.51926636,0,0,281,2.328471992,1804,14.94862446,3434,28.45541929,17,13.5,418,61
2008-09,Olympic Educational Service District 114,18,Kitsap,18402,South Kitsap School District,10315,221,2.142510906,653,6.330586524,124,1.202132816,777,7.53272,305,2.956858943,471,4.566165778,8112,78.64275327,5387,52.22491517,4928,47.77508483,0,0,67,0.6668657311,1323,13.16810988,3338,33.22384791,18,12.8,392,67
2008-09,Educational Service District 105,19,Kittitas,19007,Damman School District,31,0,0,0,0,0,0,0,0,0,0,0,0,31,100,13,41.93548387,18,58.06451613,0,0,0,0,0,0,0,0,16,22.8,1,50
2008-09,Educational Service District 105,19,Kittitas,19028,Easton School District,89,3,3.370786517,2,2.247191011,0,0,2,2.24719,0,0,17,19.1011236,67,75.28089888,47,52.80898876,42,47.19101124,0,0,6,6.818181818,1,1.136363636,41,46.59090909,7,16.4,6,46.2
2008-09,Educational Service District 105,19,Kittitas,19400,Thorp School District,162,4,2.469135802,0,0,0,0,0,0,0,0,7,4.320987654,151,93.20987654,77,47.5308642,85,52.4691358,0,0,0,0,21,12.5,64,38.0952381,8,10.9,10,50
2008-09,Educational Service District 105,19,Kittitas,19401,Ellensburg School District,3104,54,1.739690722,69,2.222938144,0,0,69,2.22294,33,1.06314433,414,13.33762887,2525,81.34664948,1572,50.6443299,1532,49.3556701,1,0.03300330033,172,5.676567657,362,11.94719472,982,32.40924092,17,11.8,118,65.9
2008-09,Educational Service District 105,19,Kittitas,19403,Kittitas School District,1044,16,1.53256705,6,0.5747126437,1,0.09578544061,7,0.670498,18,1.724137931,138,13.2183908,862,82.56704981,551,52.77777778,493,47.22222222,0,0,77,9.637046308,98,12.26533166,309,38.67334168,27,10.6,27,71.1
2008-09,Educational Service District 105,19,Kittitas,19404,Cle Elum-Roslyn School District,948,16,1.687763713,10,1.054852321,2,0.2109704641,12,1.26582,5,0.5274261603,45,4.746835443,865,91.24472574,486,51.26582278,462,48.73417722,0,0,18,1.921024546,107,11.41942369,289,30.84311633,17,13.1,28,50.9
2008-09,Educational Service District 112,20,Klickitat,20094,Wishram School District,70,11,15.71428571,0,0,0,0,0,0,0,0,4,5.714285714,51,72.85714286,42,60,28,40,0,0,0,0,13,17.80821918,72,98.63013699,6,9.8,7,63.6
2008-09,Educational Service District 105,20,Klickitat,20203,Bickleton School District,103,0,0,1,0.9708737864,0,0,1,0.970874,0,0,23,22.33009709,64,62.13592233,59,57.2815534,44,42.7184466,0,0,0,0,13,12.14953271,0,0,7,13,9,64.3
2008-09,Educational Service District 112,20,Klickitat,20215,Centerville School District,81,5,6.172839506,1,1.234567901,0,0,1,1.23457,0,0,2,2.469135802,73,90.12345679,42,51.85185185,39,48.14814815,0,0,0,0,10,12.19512195,32,39.02439024,16,16.1,4,80
2008-09,Educational Service District 112,20,Klickitat,20400,Trout Lake School District,169,0,0,4,2.366863905,0,0,4,2.36686,0,0,11,6.50887574,148,87.5739645,89,52.66272189,80,47.33727811,0,0,0,0,29,17.68292683,0,0,12,13.6,9,64.3
2008-09,Educational Service District 112,20,Klickitat,20401,Glenwood School District,59,15,25.42372881,0,0,0,0,0,0,0,0,0,0,44,74.57627119,28,47.45762712,31,52.54237288,0,0,0,0,16,21.33333333,34,45.33333333,7,14,6,66.7
2008-09,Educational Service District 112,20,Klickitat,20402,Klickitat School District,120,10,8.333333333,0,0,0,0,0,0,2,1.666666667,3,2.5,105,87.5,63,52.5,57,47.5,0,0,0,0,18,16.21621622,70,63.06306306,9,18,9,69.2
2008-09,Educational Service District 112,20,Klickitat,20403,Roosevelt School District,23,0,0,0,0,0,0,0,0,0,0,17,73.91304348,6,26.08695652,12,52.17391304,11,47.82608696,11,50,11,50,2,9.090909091,0,0,12,11.4,2,100
2008-09,Educational Service District 105,20,Klickitat,20404,Goldendale School District,1069,69,6.454630496,12,1.122544434,2,0.187090739,14,1.30964,8,0.748362956,105,9.822263798,864,80.82319925,584,54.63049579,485,45.36950421,0,0,37,3.441860465,153,14.23255814,567,52.74418605,16,14.4,50,74.6
2008-09,Educational Service District 112,20,Klickitat,20405,White Salmon Valley School District,1229,12,0.9764035801,29,2.359641985,0,0,29,2.35964,7,0.5695687551,390,31.73311635,791,64.36126932,618,50.28478438,611,49.71521562,0,0,193,15.93724195,197,16.26754748,608,50.20644096,18,12.6,49,73.1
2008-09,Educational Service District 112,20,Klickitat,20406,Lyle School District,335,22,6.567164179,6,1.791044776,0,0,6,1.79104,1,0.2985074627,32,9.552238806,274,81.79104478,171,51.04477612,164,48.95522388,0,0,1,0.2958579882,54,15.97633136,330,97.63313609,15,20.5,10,43.5
2008-09,Educational Service District 113,21,Lewis,21014,Napavine School District,776,24,3.092783505,7,0.9020618557,0,0,7,0.902062,6,0.7731958763,41,5.283505155,696,89.69072165,394,50.77319588,382,49.22680412,0,0,1,0.1300390117,110,14.30429129,344,44.73342003,17,15.4,32,69.6
2008-09,Educational Service District 113,21,Lewis,21036,Evaline School District,42,0,0,0,0,0,0,0,0,0,0,2,4.761904762,40,95.23809524,17,40.47619048,25,59.52380952,0,0,0,0,5,13.15789474,0,0,21,15.7,2,100
2008-09,Educational Service District 113,21,Lewis,21206,Mossyrock School District,635,34,5.354330709,2,0.3149606299,4,0.6299212598,6,0.944882,2,0.3149606299,69,10.86614173,509,80.15748031,344,54.17322835,291,45.82677165,17,2.724358974,48,7.692307692,77,12.33974359,345,55.28846154,16,12.3,20,50
2008-09,Educational Service District 113,21,Lewis,21214,Morton School District,363,11,3.03030303,4,1.101928375,1,0.2754820937,5,1.37741,6,1.652892562,14,3.856749311,318,87.60330579,186,51.23966942,177,48.76033058,0,0,0,0,65,18.41359773,190,53.82436261,16,11.2,15,65.2
2008-09,Educational Service District 113,21,Lewis,21226,Adna School District,606,6,0.9900990099,7,1.155115512,7,1.155115512,14,2.31023,1,0.1650165017,19,3.135313531,562,92.73927393,332,54.78547855,274,45.21452145,0,0,0,0,60,10.18675722,156,26.48556876,16,13.1,26,68.4
2008-09,Educational Service District 113,21,Lewis,21232,Winlock School District,739,8,1.082543978,10,1.353179973,0,0,10,1.35318,3,0.4059539919,87,11.77266576,602,81.46143437,388,52.50338295,351,47.49661705,80,9.557945042,56,6.690561529,111,13.26164875,459,54.83870968,16,13.5,36,80
2008-09,Educational Service District 113,21,Lewis,21234,Boistfort School District,74,1,1.351351351,0,0,0,0,0,0,0,0,0,0,70,94.59459459,42,56.75675676,32,43.24324324,0,0,0,0,14,18.18181818,39,50.64935065,12,11.3,4,66.7
2008-09,Educational Service District 113,21,Lewis,21237,Toledo School District,959,22,2.294056309,9,0.9384775808,0,0,9,0.938478,10,1.042752868,50,5.213764338,861,89.7810219,486,50.67778936,473,49.32221064,0,0,20,2.127659574,133,14.14893617,462,49.14893617,17,11.3,42,76.4
2008-09,Educational Service District 113,21,Lewis,21300,Onalaska School District,878,55,6.264236902,9,1.025056948,1,0.1138952164,10,1.13895,9,1.025056948,72,8.200455581,720,82.00455581,471,53.64464692,407,46.35535308,0,0,13,1.405405405,114,12.32432432,430,46.48648649,18,12.4,28,57.1
2008-09,Educational Service District 113,21,Lewis,21301,Pe Ell School District,309,10,3.236245955,6,1.941747573,1,0.3236245955,7,2.26537,3,0.9708737864,13,4.207119741,275,88.99676375,150,48.54368932,159,51.45631068,0,0,0,0,37,11.04477612,195,58.20895522,14,11.1,16,72.7
2008-09,Educational Service District 113,21,Lewis,21302,Chehalis School District,2935,30,1.022146508,56,1.908006814,17,0.5792163543,73,2.48722,91,3.100511073,294,10.01703578,2427,82.69165247,1554,52.9471891,1381,47.0528109,0,0,68,2.342404409,349,12.02204616,1295,44.60902515,18,14.6,118,72.8
2008-09,Educational Service District 113,21,Lewis,21303,White Pass School District,438,13,2.96803653,5,1.141552511,0,0,5,1.14155,0,0,17,3.881278539,395,90.1826484,232,52.96803653,206,47.03196347,0,0,0,0,50,10.84598698,239,51.84381779,13,14,15,45.5
2008-09,Educational Service District 113,21,Lewis,21401,Centralia School District,3486,38,1.090074584,47,1.348250143,3,0.08605851979,50,1.43431,22,0.6310958118,621,17.8141136,2448,70.22375215,1761,50.51635112,1725,49.48364888,96,2.817728207,231,6.780158497,445,13.06134429,2220,65.15996478,17,12.7,135,64.9
2008-09,Educational Service District 101,22,Lincoln,22008,Sprague School District,84,3,3.571428571,0,0,0,0,0,0,0,0,3,3.571428571,77,91.66666667,44,52.38095238,40,47.61904762,0,0,0,0,16,17.77777778,56,62.22222222,6,10.7,8,61.5
2008-09,Educational Service District 101,22,Lincoln,22009,Reardan-Edwall School District,685,36,5.255474453,2,0.2919708029,0,0,2,0.291971,3,0.4379562044,8,1.167883212,633,92.40875912,340,49.6350365,345,50.3649635,0,0,0,0,58,8.516886931,256,37.5917768,17,12.4,22,55
2008-09,Educational Service District 101,22,Lincoln,22017,Almira School District,99,0,0,0,0,0,0,0,0,0,0,0,0,99,100,51,51.51515152,48,48.48484848,0,0,0,0,13,11.60714286,40,35.71428571,8,13.7,11,91.7
2008-09,Educational Service District 101,22,Lincoln,22073,Creston School District,117,4,3.418803419,2,1.709401709,0,0,2,1.7094,1,0.8547008547,1,0.8547008547,108,92.30769231,55,47.00854701,62,52.99145299,0,0,0,0,15,14.01869159,55,51.40186916,8,11.6,9,64.3
2008-09,Educational Service District 101,22,Lincoln,22105,Odessa School District,221,2,0.9049773756,0,0,0,0,0,0,2,0.9049773756,7,3.167420814,209,94.57013575,111,50.22624434,110,49.77375566,0,0,0,0,29,13.12217195,93,42.08144796,11,16.6,17,81
2008-09,Educational Service District 101,22,Lincoln,22200,Wilbur School District,245,38,15.51020408,8,3.265306122,1,0.4081632653,9,3.67347,8,3.265306122,2,0.8163265306,188,76.73469388,129,52.65306122,116,47.34693878,0,0,0,0,19,7.723577236,83,33.7398374,12,14.8,14,70
2008-09,Educational Service District 101,22,Lincoln,22204,Harrington School District,126,21,16.66666667,2,1.587301587,0,0,2,1.5873,5,3.968253968,1,0.7936507937,97,76.98412698,56,44.44444444,70,55.55555556,0,0,0,0,15,10.86956522,57,41.30434783,9,16.6,11,78.6
2008-09,Educational Service District 101,22,Lincoln,22207,Davenport School District,574,7,1.219512195,4,0.6968641115,0,0,4,0.696864,2,0.3484320557,10,1.742160279,549,95.6445993,301,52.43902439,273,47.56097561,0,0,0,0,56,9.756097561,275,47.90940767,16,14.3,22,61.1
2008-09,Educational Service District 113,23,Mason,23042,Southside School District,233,10,4.291845494,2,0.8583690987,7,3.004291845,9,3.86266,1,0.4291845494,7,3.004291845,180,77.25321888,122,52.36051502,111,47.63948498,0,0,3,1.298701299,29,12.55411255,80,34.63203463,19,8.7,7,58.3
2008-09,Educational Service District 113,23,Mason,23054,Grapeview School District,198,3,1.515151515,2,1.01010101,0,0,2,1.0101,2,1.01010101,7,3.535353535,181,91.41414141,103,52.02020202,95,47.97979798,0,0,0,0,18,8.530805687,68,32.22748815,17,19.6,6,50
2008-09,Educational Service District 113,23,Mason,23309,Shelton School District,4261,374,8.777282328,71,1.666275522,32,0.7509974184,103,2.41727,49,1.149964797,649,15.23116639,3010,70.64069467,2215,51.98310256,2046,48.01689744,153,3.544949027,281,6.510658017,743,17.2150139,2364,54.77293791,15,12.5,167,59.4
2008-09,Educational Service District 113,23,Mason,23311,Mary M Knight School District,180,3,1.666666667,2,1.111111111,0,0,2,1.11111,0,0,6,3.333333333,169,93.88888889,100,55.55555556,80,44.44444444,0,0,0,0,15,8.196721311,84,45.90163934,9,15.8,13,68.4
2008-09,Educational Service District 113,23,Mason,23402,Pioneer School District,765,27,3.529411765,6,0.7843137255,2,0.2614379085,8,1.04575,4,0.522875817,38,4.967320261,615,80.39215686,408,53.33333333,357,46.66666667,0,0,0,0,137,17.74611399,411,53.23834197,17,13.8,30,66.7
2008-09,Olympic Educational Service District 114,23,Mason,23403,North Mason School District,2294,57,2.484742807,56,2.441150828,8,0.3487358326,64,2.78989,43,1.8744551,164,7.149084568,1903,82.95553618,1187,51.74367916,1107,48.25632084,0,0,76,3.330411919,361,15.81945662,925,40.53461876,18,13.7,90,70.9
2008-09,Educational Service District 113,23,Mason,23404,Hood Canal School District,303,129,42.57425743,2,0.6600660066,0,0,2,0.660066,2,0.6600660066,11,3.630363036,152,50.1650165,154,50.82508251,149,49.17491749,0,0,0,0,73,22.95597484,235,73.89937107,13,17.8,9,39.1
2008-09,North Central Educational Service District 171,24,Okanogan,24014,Nespelem School District,148,146,98.64864865,0,0,0,0,0,0,0,0,0,0,2,1.351351351,81,54.72972973,67,45.27027027,0,0,0,0,33,18.85714286,137,78.28571429,11,17.1,9,69.2
2008-09,North Central Educational Service District 171,24,Okanogan,24019,Omak School District,1754,600,34.20752566,21,1.197263398,0,0,21,1.19726,11,0.6271379704,280,15.96351197,833,47.49144812,895,51.02622577,859,48.97377423,38,2.049622438,80,4.314994606,294,15.85760518,1191,64.2394822,16,13.5,58,51.8
2008-09,North Central Educational Service District 171,24,Okanogan,24105,Okanogan School District,1084,156,14.39114391,12,1.10701107,0,0,12,1.10701,14,1.291512915,227,20.94095941,675,62.26937269,555,51.19926199,529,48.80073801,30,2.851711027,80,7.604562738,135,12.83269962,581,55.22813688,18,12.4,38,63.3
2008-09,North Central Educational Service District 171,24,Okanogan,24111,Brewster School District,878,14,1.59453303,2,0.2277904328,0,0,2,0.22779,6,0.6833712984,724,82.46013667,126,14.35079727,478,54.44191344,400,45.55808656,0,0,348,38.96976484,140,15.6774916,689,77.1556551,17,11.5,34,66.7
2008-09,North Central Educational Service District 171,24,Okanogan,24122,Pateros School District,283,5,1.766784452,3,1.060070671,0,0,3,1.06007,0,0,124,43.81625442,148,52.29681979,143,50.53003534,140,49.46996466,0,0,30,10.30927835,30,10.30927835,185,63.57388316,13,17.1,15,68.2
2008-09,North Central Educational Service District 171,24,Okanogan,24350,Methow Valley School District,554,5,0.9025270758,5,0.9025270758,0,0,5,0.902527,7,1.263537906,20,3.610108303,510,92.05776173,286,51.62454874,268,48.37545126,0,0,16,2.792321117,54,9.42408377,251,43.80453752,16,16.8,23,65.7
2008-09,North Central Educational Service District 171,24,Okanogan,24404,Tonasket School District,1078,28,2.597402597,15,1.391465677,0,0,15,1.39147,18,1.669758813,296,27.45825603,718,66.60482375,572,53.06122449,506,46.93877551,10,0.9276437848,79,7.3283859,128,11.87384045,684,63.45083488,15,11.5,44,62
2008-09,North Central Educational Service District 171,24,Okanogan,24410,Oroville School District,630,26,4.126984127,6,0.9523809524,0,0,6,0.952381,2,0.3174603175,189,30,405,64.28571429,330,52.38095238,300,47.61904762,0,0,81,12.46153846,99,15.23076923,410,63.07692308,15,14.9,18,42.9
2008-09,Educational Service District 112,25,Pacific,25101,Ocean Beach School District,942,22,2.335456476,10,1.061571125,2,0.2123142251,12,1.27389,5,0.5307855626,116,12.31422505,761,80.78556263,510,54.14012739,432,45.85987261,37,3.974221267,34,3.651987111,186,19.97851772,548,58.86143931,18,13.4,32,61.5
2008-09,Educational Service District 113,25,Pacific,25116,Raymond School District,548,26,4.744525547,55,10.03649635,0,0,55,10.0365,7,1.277372263,96,17.51824818,357,65.1459854,291,53.10218978,257,46.89781022,12,1.98019802,66,10.89108911,77,12.70627063,381,62.87128713,13,14.2,28,65.1
2008-09,Educational Service District 113,25,Pacific,25118,South Bend School District,554,68,12.27436823,24,4.332129964,0,0,24,4.33213,6,1.083032491,149,26.89530686,305,55.05415162,270,48.73646209,284,51.26353791,41,6.52866242,83,13.21656051,82,13.05732484,349,55.57324841,14,12.5,26,66.7
2008-09,Educational Service District 112,25,Pacific,25155,Naselle-Grays River Valley School District,418,9,2.153110048,12,2.870813397,0,0,12,2.87081,19,4.545454545,38,9.090909091,339,81.10047847,248,59.33014354,170,40.66985646,12,2.745995423,6,1.372997712,60,13.72997712,263,60.18306636,14,17,21,72.4
2008-09,Educational Service District 113,25,Pacific,25160,Willapa Valley School District,324,13,4.012345679,1,0.3086419753,0,0,1,0.308642,1,0.3086419753,22,6.790123457,286,88.27160494,155,47.83950617,169,52.16049383,0,0,14,3.76344086,45,12.09677419,175,47.04301075,12,17.7,16,57.1
2008-09,Educational Service District 113,25,Pacific,25200,North River School District,57,1,1.754385965,0,0,2,3.50877193,2,3.50877,2,3.50877193,4,7.01754386,45,78.94736842,35,61.40350877,22,38.59649123,0,0,0,0,4,7.547169811,31,58.49056604,6,15.3,6,60
2008-09,Educational Service District 101,26,Pend Oreille,26056,Newport School District,1159,17,1.466781708,9,0.7765314927,3,0.2588438309,12,1.03538,10,0.8628127696,29,2.502157032,1058,91.28559103,600,51.76876618,559,48.23123382,1,0.08833922261,0,0,152,13.42756184,683,60.33568905,16,14.9,53,72.6
2008-09,Educational Service District 101,26,Pend Oreille,26059,Cusick School District,296,90,30.40540541,0,0,0,0,0,0,1,0.3378378378,4,1.351351351,200,67.56756757,159,53.71621622,137,46.28378378,0,0,0,0,42,14.04682274,169,56.52173913,12,13.1,10,40
2008-09,Educational Service District 101,26,Pend Oreille,26070,Selkirk School District,318,8,2.51572327,6,1.886792453,0,0,6,1.88679,5,1.572327044,21,6.603773585,278,87.42138365,160,50.31446541,158,49.68553459,0,0,0,0,43,13.4375,159,49.6875,12,14.1,20,74.1
2008-09,Puget Sound Educational Service District 121,27,Pierce,27001,Steilacoom Hist. School District,5435,60,1.103955842,400,7.359705612,58,1.067157314,458,8.42686,353,6.494940202,315,5.795768169,3612,66.45814167,2737,50.35878565,2698,49.64121435,0,0,77,1.40408461,387,7.056892779,903,16.46608315,24,11.5,145,64.7
2008-09,Puget Sound Educational Service District 121,27,Pierce,27003,Puyallup School District,21676,1047,4.830226979,1176,5.425355232,293,1.351725411,1469,6.77708,880,4.059789629,1424,6.569477763,15015,69.27016055,11053,50.99188042,10623,49.00811958,0,0,593,2.741182453,2804,12.96167892,5951,27.50889844,17,12.3,885,68.7
2008-09,Puget Sound Educational Service District 121,27,Pierce,27010,Tacoma School District,29477,595,2.018522916,3383,11.47674458,520,1.764087254,3903,13.2408,6873,23.31648404,4015,13.62078909,14091,47.80337212,15216,51.61990705,14261,48.38009295,31,0.1043279262,1859,6.256310157,3723,12.5294474,17464,58.77364205,17,13,935,54.9
2008-09,Puget Sound Educational Service District 121,27,Pierce,27019,Carbonado School District,174,0,0,0,0,0,0,0,0,0,0,0,0,170,97.70114943,81,46.55172414,93,53.44827586,0,0,0,0,18,9.944751381,21,11.60220994,15,11.5,9,75
2008-09,Puget Sound Educational Service District 121,27,Pierce,27083,University Place School District,5439,61,1.121529693,675,12.41036955,30,0.5515719801,705,12.9619,763,14.02831403,332,6.104063247,3377,62.08861923,2730,50.19305019,2709,49.80694981,0,0,111,2.046460177,665,12.26032448,1693,31.21312684,17,13.5,211,64.9
2008-09,Puget Sound Educational Service District 121,27,Pierce,27320,Sumner School District,8297,199,2.398457274,221,2.663613354,43,0.5182596119,264,3.18187,139,1.675304327,594,7.159214174,6862,82.70459202,4270,51.46438472,4027,48.53561528,0,0,204,2.462281231,1108,13.37356669,2374,28.65419433,20,10.7,277,65.3
2008-09,Puget Sound Educational Service District 121,27,Pierce,27343,Dieringer School District,1278,9,0.7042253521,23,1.799687011,7,0.5477308294,30,2.34742,10,0.7824726135,30,2.34741784,1131,88.49765258,621,48.5915493,657,51.4084507,0,0,10,0.7751937984,131,10.15503876,116,8.992248062,19,14.3,47,68.1
2008-09,Puget Sound Educational Service District 121,27,Pierce,27344,Orting School District,2268,47,2.072310406,26,1.14638448,21,0.9259259259,47,2.07231,34,1.499118166,144,6.349206349,1914,84.39153439,1184,52.20458554,1084,47.79541446,0,0,28,1.203266008,305,13.10700473,679,29.17920069,18,13.6,74,59.7
2008-09,Puget Sound Educational Service District 121,27,Pierce,27400,Clover Park School District,12242,194,1.584708381,804,6.567554321,403,3.29194576,1207,9.8595,2231,18.22414638,2169,17.71769319,5670,46.31596144,6344,51.82159778,5898,48.17840222,0,0,1145,9.377559378,1667,13.65274365,7658,62.71908272,18,11.7,383,57
2008-09,Puget Sound Educational Service District 121,27,Pierce,27401,Peninsula School District,9456,180,1.903553299,275,2.90820643,56,0.5922165821,331,3.50042,107,1.131556684,345,3.648477157,7575,80.10786802,4864,51.43824027,4592,48.56175973,6,0.06270247675,64,0.6688264186,1177,12.30013586,1965,20.53506113,18,14.7,381,71.6
2008-09,Puget Sound Educational Service District 121,27,Pierce,27402,Franklin Pierce School District,8072,186,2.304261645,639,7.916253717,473,5.859762141,1112,13.776,1094,13.55302279,1044,12.93359762,3882,48.09217047,4115,50.97869177,3957,49.02130823,0,0,555,7.192846034,904,11.71591498,4294,55.65059616,18,11.1,263,59.1
2008-09,Puget Sound Educational Service District 121,27,Pierce,27403,Bethel School District,18032,586,3.249778172,1580,8.762200532,0,0,1580,8.7622,2151,11.92879326,2127,11.79569654,11588,64.2635315,9351,51.85780834,8681,48.14219166,0,0,273,1.513136016,2537,14.06163397,7208,39.95122492,20,12,591,64.2
2008-09,Puget Sound Educational Service District 121,27,Pierce,27404,Eatonville School District,2043,54,2.643171806,29,1.419481155,4,0.1957905042,33,1.61527,21,1.027900147,65,3.181595693,1825,89.32941752,1077,52.71659325,966,47.28340675,0,0,13,0.6274131274,237,11.43822394,651,31.41891892,18,12.9,72,63.2
2008-09,Puget Sound Educational Service District 121,27,Pierce,27416,White River School District,4329,79,1.824901825,63,1.455301455,16,0.3696003696,79,1.8249,35,0.8085008085,201,4.643104643,3836,88.61168861,2234,51.60545161,2095,48.39454839,0,0,35,0.8027522936,605,13.87614679,1184,27.1559633,19,11.9,145,63.3
2008-09,Puget Sound Educational Service District 121,27,Pierce,27417,Fife School District,3554,89,2.504220597,337,9.482273495,72,2.025886325,409,11.5082,155,4.361283061,488,13.73100732,2211,62.21159257,1729,48.64940912,1825,51.35059088,0,0,331,9.435575827,331,9.435575827,1364,38.88255416,19,13.7,126,67.7
2008-09,Northwest Educational Service District 189,28,San Juan,28010,Shaw Island School District,17,0,0,0,0,0,0,0,0,0,0,0,0,17,100,6,35.29411765,11,64.70588235,0,0,0,0,2,11.76470588,0,0,9,20,1,50
2008-09,Northwest Educational Service District 189,28,San Juan,28137,Orcas Island School District,476,5,1.050420168,8,1.680672269,1,0.2100840336,9,1.89076,4,0.8403361345,17,3.571428571,432,90.75630252,233,48.94957983,243,51.05042017,0,0,10,2.02020202,70,14.14141414,139,28.08080808,11,12.6,23,52.3
2008-09,Northwest Educational Service District 189,28,San Juan,28144,Lopez School District,223,5,2.242152466,13,5.829596413,0,0,13,5.8296,2,0.8968609865,11,4.932735426,173,77.57847534,125,56.05381166,98,43.94618834,0,0,6,2.714932127,39,17.64705882,104,47.05882353,8,16.1,18,66.7
2008-09,Northwest Educational Service District 189,28,San Juan,28149,San Juan Island School District,919,9,0.9793253536,20,2.176278564,0,0,20,2.17628,12,1.305767138,86,9.357997824,777,84.5484222,454,49.40152339,465,50.59847661,0,0,32,3.535911602,115,12.70718232,278,30.71823204,17,13.7,36,65.5
2008-09,Northwest Educational Service District 189,29,Skagit,29011,Concrete School District,739,18,2.435723951,6,0.8119079838,0,0,6,0.811908,6,0.8119079838,26,3.51826793,676,91.47496617,394,53.31529093,345,46.68470907,0,0,2,0.2801120448,124,17.36694678,378,52.94117647,17,14.6,27,62.8
2008-09,Northwest Educational Service District 189,29,Skagit,29100,Burlington-Edison School District,4031,52,1.290002481,63,1.562887621,12,0.2976928802,75,1.86058,32,0.7938476805,1190,29.52121062,2532,62.81319772,2041,50.63259737,1990,49.36740263,112,2.868852459,566,14.49795082,514,13.16598361,1672,42.82786885,19,11.7,121,55.8
2008-09,Northwest Educational Service District 189,29,Skagit,29101,Sedro-Woolley School District,4422,147,3.324287653,52,1.175938489,13,0.2939846223,65,1.46992,62,1.402080507,517,11.69154229,3536,79.96381728,2380,53.82180009,2042,46.17819991,147,3.330312642,221,5.006796556,659,14.92976892,1939,43.92840961,17,11.1,168,66.4
2008-09,Northwest Educational Service District 189,29,Skagit,29103,Anacortes School District,2852,59,2.068723703,120,4.207573633,6,0.2103786816,126,4.41795,49,1.718092567,139,4.873772791,2444,85.69424965,1458,51.12201964,1394,48.87798036,0,0,54,1.896733404,295,10.36178433,912,32.0337197,18,14,114,72.2
2008-09,Northwest Educational Service District 189,29,Skagit,29311,La Conner School District,644,181,28.10559006,13,2.01863354,0,0,13,2.01863,4,0.6211180124,49,7.608695652,393,61.02484472,323,50.1552795,321,49.8447205,0,0,14,2.121212121,76,11.51515152,275,41.66666667,13,12.8,35,68.6
2008-09,Northwest Educational Service District 189,29,Skagit,29317,Conway School District,443,5,1.128668172,5,1.128668172,0,0,5,1.12867,0,0,74,16.70428894,359,81.03837472,224,50.56433409,219,49.43566591,0,0,13,2.995391705,27,6.221198157,105,24.19354839,16,13.4,20,71.4
2008-09,Northwest Educational Service District 189,29,Skagit,29320,Mount Vernon School District,6166,87,1.410963347,157,2.546221213,22,0.3567953292,179,2.90302,108,1.751540707,2923,47.40512488,2758,44.72915991,3139,50.90820629,3027,49.09179371,671,10.99459282,1450,23.75880714,820,13.43601507,3640,59.64279862,18,12.6,206,60.4
2008-09,Educational Service District 112,30,Skamania,30002,Skamania School District,71,1,1.408450704,1,1.408450704,2,2.816901408,3,4.22535,0,0,0,0,65,91.54929577,37,52.11267606,34,47.88732394,0,0,0,0,11,15.94202899,41,59.42028986,14,17.6,3,60
2008-09,Educational Service District 112,30,Skamania,30029,Mount Pleasant School District,39,0,0,0,0,0,0,0,0,0,0,0,0,37,94.87179487,24,61.53846154,15,38.46153846,0,0,0,0,0,0,0,0,10,7.4,3,75
2008-09,Educational Service District 112,30,Skamania,30031,Mill A School District,57,3,5.263157895,2,3.50877193,0,0,2,3.50877,0,0,8,14.03508772,40,70.1754386,35,61.40350877,22,38.59649123,0,0,0,0,13,22.03389831,31,52.54237288,11,13.1,4,80
2008-09,Educational Service District 112,30,Skamania,30303,Stevenson-Carson School District,1124,49,4.359430605,17,1.512455516,1,0.08896797153,18,1.60142,14,1.245551601,66,5.871886121,931,82.82918149,554,49.28825623,570,50.71174377,0,0,21,1.767676768,157,13.21548822,428,36.02693603,18,13.9,45,72.6
2008-09,Northwest Educational Service District 189,31,Snohomish,31002,Everett School District,19083,262,1.372949746,2297,12.03689147,176,0.9222868522,2473,12.9592,871,4.564271865,2081,10.90499397,12494,65.47188597,9783,51.26552429,9300,48.73447571,0,0,1668,8.794221543,2325,12.25813255,6719,35.42468498,19,12.6,530,54
2008-09,Northwest Educational Service District 189,31,Snohomish,31004,Lake Stevens School District,7744,88,1.136363636,355,4.584194215,50,0.645661157,405,5.22986,138,1.782024793,580,7.489669421,6164,79.59710744,4015,51.84659091,3729,48.15340909,0,0,238,3.048155738,1029,13.17879098,2063,26.42161885,19,10.9,256,63.8
2008-09,Northwest Educational Service District 189,31,Snohomish,31006,Mukilteo School District,14454,187,1.293759513,2199,15.21378165,185,1.279922513,2384,16.4937,684,4.732254047,2654,18.36169918,7622,52.73280753,7582,52.45606752,6872,47.54393248,0,0,2258,15.54133113,1755,12.0792897,6499,44.7312272,18,11.4,459,57.3
2008-09,Northwest Educational Service District 189,31,Snohomish,31015,Edmonds School District,20743,303,1.460733742,3021,14.56394928,144,0.694210095,3165,15.2582,1270,6.122547365,2172,10.47100227,13163,63.45755195,10689,51.53063684,10054,48.46936316,0,0,1928,9.325272068,2755,13.32527207,5985,28.94800484,19,11.6,708,63.3
2008-09,Northwest Educational Service District 189,31,Snohomish,31016,Arlington School District,5569,121,2.172741964,226,4.058179206,2,0.03591309032,228,4.09409,105,1.885437242,457,8.206141138,4645,83.40815227,2827,50.76315317,2742,49.23684683,0,0,181,3.212067436,639,11.33984028,1338,23.7444543,19,11.5,196,66.4
2008-09,Northwest Educational Service District 189,31,Snohomish,31025,Marysville School District,11923,1034,8.672314015,795,6.667784953,61,0.511616204,856,7.1794,317,2.65872683,1350,11.32265369,8048,67.49979032,6162,51.68162375,5761,48.31837625,68,0.5709967252,722,6.0626417,1674,14.05659585,4808,40.37282727,20,12,340,56.2
2008-09,Northwest Educational Service District 189,31,Snohomish,31063,Index School District,23,0,0,0,0,0,0,0,0,0,0,0,0,23,100,11,47.82608696,12,52.17391304,0,0,0,0,1,3.125,16,50,5,7.3,0,0
2008-09,Northwest Educational Service District 189,31,Snohomish,31103,Monroe School District,8143,131,1.608743706,258,3.168365467,29,0.3561341029,287,3.5245,121,1.485938843,1005,12.34188874,6240,76.63023456,4059,49.84649392,4084,50.15350608,19,0.2380057622,411,5.148440436,747,9.357384442,1671,20.93198046,22,11.9,265,70.5
2008-09,Northwest Educational Service District 189,31,Snohomish,31201,Snohomish School District,9770,98,1.003070624,511,5.230296827,7,0.07164790174,518,5.30194,140,1.432958035,512,5.240532242,8427,86.25383828,5039,51.57625384,4731,48.42374616,0,0,228,2.323685283,1272,12.9637179,1645,16.76518549,19,12.3,302,59.4
2008-09,Northwest Educational Service District 189,31,Snohomish,31306,Lakewood School District,2553,50,1.958480219,96,3.760282021,0,0,96,3.76028,89,3.48609479,225,8.813160987,2061,80.72855464,1318,51.62553858,1235,48.37446142,0,0,72,2.841357537,344,13.5753749,861,33.97790055,19,11,71,53.8
2008-09,Northwest Educational Service District 189,31,Snohomish,31311,Sultan School District,2135,42,1.967213115,36,1.68618267,4,0.18735363,40,1.87354,15,0.7025761124,216,10.11709602,1772,82.99765808,1122,52.55269321,1013,47.44730679,0,0,84,3.912435957,256,11.92361435,851,39.63670238,19,12.9,70,63.1
2008-09,Northwest Educational Service District 189,31,Snohomish,31330,Darrington School District,481,32,6.652806653,2,0.4158004158,0,0,2,0.4158,5,1.03950104,7,1.455301455,429,89.18918919,270,56.13305613,211,43.86694387,0,0,0,0,81,16.53061224,240,48.97959184,16,14,20,66.7
2008-09,Northwest Educational Service District 189,31,Snohomish,31332,Granite Falls School District,2295,53,2.309368192,41,1.786492375,6,0.2614379085,47,2.04793,20,0.871459695,114,4.967320261,1993,86.84095861,1194,52.02614379,1101,47.97385621,0,0,24,1.030042918,346,14.84978541,839,36.00858369,17,11.1,82,60.7
2008-09,Northwest Educational Service District 189,31,Snohomish,31401,Stanwood-Camano School District,5362,84,1.566579634,137,2.555016785,1,0.01864975755,138,2.57367,67,1.249533756,260,4.848936964,4797,89.46288698,2760,51.47333085,2602,48.52666915,0,0,78,1.460127293,678,12.6918757,1305,24.42905279,18,11.3,224,75.4
2008-09,Educational Service District 101,32,Spokane,32081,Spokane School District,29692,1165,3.923615789,799,2.690960528,336,1.131617944,1135,3.82258,1210,4.075171763,1199,4.038124747,22908,77.15209484,15353,51.70753065,14339,48.29246935,0,0,1348,4.673415615,4231,14.66856192,15430,53.49466093,17,13.1,1291,72
2008-09,Educational Service District 101,32,Spokane,32123,Orchard Prairie School District,79,0,0,0,0,3,3.797468354,3,3.79747,2,2.53164557,0,0,74,93.67088608,49,62.02531646,30,37.97468354,0,0,0,0,10,14.49275362,7,10.14492754,13,16.6,4,66.7
2008-09,Educational Service District 101,32,Spokane,32312,Great Northern School District,49,0,0,0,0,0,0,0,0,0,0,4,8.163265306,44,89.79591837,29,59.18367347,20,40.81632653,0,0,0,0,10,20,0,0,12,14.6,3,75
2008-09,Educational Service District 101,32,Spokane,32325,Nine Mile Falls School District,1723,28,1.625072548,18,1.044689495,4,0.2321532211,22,1.27684,8,0.4643064423,33,1.915264074,1585,91.99071387,904,52.46662797,819,47.53337203,0,0,0,0,240,14.03508772,435,25.43859649,16,13.9,68,61.8
2008-09,Educational Service District 101,32,Spokane,32326,Medical Lake School District,2151,12,0.5578800558,71,3.30079033,16,0.7438400744,87,4.04463,64,2.975360298,92,4.277080428,1791,83.26359833,1129,52.48721525,1022,47.51278475,0,0,13,0.5749668288,272,12.03007519,711,31.44626272,18,10.5,76,64.4
2008-09,Educational Service District 101,32,Spokane,32354,Mead School District,9295,111,1.194190425,236,2.538999462,46,0.4948897257,282,3.03389,106,1.140398063,196,2.10866057,8282,89.10166756,4697,50.53254438,4598,49.46745562,0,0,145,1.543045653,1052,11.19506225,2347,24.97605619,17,15.2,421,75
2008-09,Educational Service District 101,32,Spokane,32356,Central Valley School District,12484,170,1.361743031,202,1.618071131,44,0.3524511375,246,1.97052,152,1.217558475,418,3.348285806,10931,87.5600769,6415,51.38577379,6069,48.61422621,0,0,313,2.490650115,1632,12.98639293,4359,34.6860826,17,12.6,515,69.1
2008-09,Educational Service District 101,32,Spokane,32358,Freeman School District,976,31,3.176229508,19,1.946721311,1,0.1024590164,20,2.04918,11,1.12704918,16,1.639344262,893,91.49590164,518,53.07377049,458,46.92622951,0,0,0,0,98,10.28331584,185,19.41238195,18,14.2,43,78.2
2008-09,Educational Service District 101,32,Spokane,32360,Cheney School District,3877,120,3.095176683,148,3.817384576,5,0.1289656951,153,3.94635,116,2.992004127,203,5.236007222,3243,83.64714986,2032,52.4116585,1845,47.5883415,0,0,75,1.937984496,624,16.12403101,1757,45.4005168,17,13.4,160,68.4
2008-09,Educational Service District 101,32,Spokane,32361,East Valley School District (Spokane),4182,114,2.725968436,104,2.486848398,6,0.143472023,110,2.63032,90,2.152080344,196,4.68675275,3651,87.30272597,2117,50.6217121,2065,49.3782879,0,0,107,2.24177666,639,13.38780641,2167,45.40121517,17,14.9,175,70
2008-09,Educational Service District 101,32,Spokane,32362,Liberty School District,469,17,3.624733475,5,1.066098081,0,0,5,1.0661,2,0.4264392324,13,2.771855011,431,91.89765458,258,55.01066098,211,44.98933902,0,0,0,0,58,11.95876289,212,43.71134021,16,13.9,26,86.7
2008-09,Educational Service District 101,32,Spokane,32363,West Valley School District (Spokane),3823,85,2.223384776,78,2.040282501,1,0.02615746796,79,2.06644,118,3.086581219,169,4.420612085,3311,86.60737641,1961,51.29479466,1862,48.70520534,0,0,83,2.145257172,543,14.03463427,1890,48.849832,18,13.8,143,66.8
2008-09,Educational Service District 101,32,Spokane,32414,Deer Park School District,2541,71,2.794175521,19,0.7477371114,2,0.07870916962,21,0.826446,29,1.141282959,62,2.439984258,2351,92.52262889,1310,51.5545061,1231,48.4454939,0,0,4,0.1523229246,350,13.3282559,1260,47.98172125,20,13.3,88,70.4
2008-09,Educational Service District 101,32,Spokane,32416,Riverside School District,1671,40,2.393776182,5,0.2992220227,8,0.4787552364,13,0.777977,8,0.4787552364,38,2.274087373,1538,92.0406942,886,53.02214243,785,46.97785757,0,0,9,0.5217391304,278,16.11594203,849,49.2173913,18,14.7,67,72
2008-09,Educational Service District 101,33,Stevens,33030,Onion Creek School District,27,0,0,3,11.11111111,0,0,3,11.1111,0,0,1,3.703703704,23,85.18518519,6,22.22222222,21,77.77777778,0,0,0,0,7,15.90909091,29,65.90909091,5,18,5,100
2008-09,Educational Service District 101,33,Stevens,33036,Chewelah School District,1034,18,1.740812379,12,1.160541586,0,0,12,1.16054,12,1.160541586,24,2.321083172,958,92.64990329,531,51.35396518,503,48.64603482,0,0,2,0.1934235977,131,12.66924565,555,53.67504836,17,15.6,50,83.3
2008-09,Educational Service District 101,33,Stevens,33049,Wellpinit School District,641,462,72.074883,4,0.624024961,4,0.624024961,8,1.24805,17,2.652106084,21,3.276131045,132,20.59282371,361,56.31825273,280,43.68174727,0,0,0,0,49,7.030129125,378,54.23242468,16,9.4,28,70
2008-09,Educational Service District 101,33,Stevens,33070,Valley School District,912,2,0.2192982456,9,0.9868421053,3,0.3289473684,12,1.31579,6,0.6578947368,6,0.6578947368,877,96.1622807,456,50,456,50,0,0,0,0,54,12.05357143,164,36.60714286,29,9.8,14,43.8
2008-09,Educational Service District 101,33,Stevens,33115,Colville School District,2035,71,3.488943489,29,1.425061425,2,0.09828009828,31,1.52334,13,0.6388206388,47,2.30958231,1860,91.4004914,1016,49.92628993,1019,50.07371007,0,0,28,1.390958768,242,12.02185792,978,48.58420268,16,14.4,98,79
2008-09,Educational Service District 101,33,Stevens,33183,Loon Lake School District,277,11,3.971119134,12,4.332129964,1,0.3610108303,13,4.69314,4,1.444043321,12,4.332129964,224,80.86642599,137,49.45848375,140,50.54151625,0,0,0,0,25,7.936507937,111,35.23809524,23,12.5,4,33.3
2008-09,Educational Service District 101,33,Stevens,33202,Summit Valley School District,82,1,1.219512195,1,1.219512195,0,0,1,1.21951,4,4.87804878,0,0,76,92.68292683,48,58.53658537,34,41.46341463,0,0,0,0,15,16.48351648,50,54.94505495,10,13.3,3,37.5
2008-09,Educational Service District 101,33,Stevens,33205,Evergreen School District (Stevens),6,1,16.66666667,0,0,0,0,0,0,0,0,0,0,5,83.33333333,5,83.33333333,1,16.66666667,0,0,0,0,0,0,0,0,3,29.6,2,100
2008-09,Educational Service District 101,33,Stevens,33206,Columbia (Stevens) School District,195,85,43.58974359,0,0,1,0.5128205128,1,0.512821,0,0,6,3.076923077,103,52.82051282,101,51.79487179,94,48.20512821,0,0,0,0,27,13.04347826,156,75.36231884,8,13.9,15,65.2
2008-09,Educational Service District 101,33,Stevens,33207,Mary Walker School District,569,44,7.732864675,0,0,6,1.054481547,6,1.05448,6,1.054481547,2,0.3514938489,441,77.50439367,297,52.19683656,272,47.80316344,0,0,0,0,87,14.77079796,386,65.53480475,17,10.8,21,61.8
2008-09,Educational Service District 101,33,Stevens,33211,Northport School District,279,4,1.433691756,2,0.7168458781,0,0,2,0.716846,0,0,5,1.792114695,259,92.83154122,161,57.70609319,118,42.29390681,0,0,0,0,19,6.397306397,155,52.18855219,16,10.1,11,64.7
2008-09,Educational Service District 101,33,Stevens,33212,Kettle Falls School District,803,37,4.607721046,4,0.498132005,1,0.1245330012,5,0.622665,4,0.498132005,34,4.234122042,717,89.29016189,409,50.93399751,394,49.06600249,0,0,0,0,99,12.48423707,461,58.13366961,15,14.3,41,78.8
2008-09,Educational Service District 113,34,Thurston,34002,Yelm School District,5559,177,3.184025904,114,2.050728548,77,1.385141212,191,3.43587,132,2.374527793,372,6.691851052,4351,78.26947293,2858,51.41212448,2701,48.58787552,0,0,51,0.9316770186,692,12.64157837,2119,38.71026672,19,12.2,179,60.5
2008-09,Educational Service District 113,34,Thurston,34003,North Thurston Public Schools,14025,543,3.871657754,1776,12.6631016,45,0.320855615,1821,12.984,1266,9.026737968,1465,10.4456328,8378,59.73618538,7307,52.09982175,6718,47.90017825,5,0.03566842631,419,2.989014125,1833,13.07604508,5223,37.25923812,17,13.6,574,68.6
2008-09,Educational Service District 113,34,Thurston,34033,Tumwater School District,6274,130,2.072043354,242,3.857188397,0,0,242,3.85719,175,2.78928913,295,4.701944533,5271,84.01338859,3237,51.5938795,3037,48.4061205,0,0,94,1.469898358,847,13.24472244,1773,27.72478499,17,13.1,231,62.9
2008-09,Educational Service District 113,34,Thurston,34111,Olympia School District,9435,104,1.102278749,823,8.722840488,78,0.826709062,901,9.54955,223,2.363540011,475,5.034446211,7091,75.1563328,4820,51.0863805,4615,48.9136195,1,0.01049868766,199,2.089238845,1169,12.27296588,2277,23.90551181,16,14.2,412,71.4
2008-09,Educational Service District 113,34,Thurston,34307,Rainier School District,1175,30,2.553191489,9,0.7659574468,2,0.170212766,11,0.93617,22,1.872340426,46,3.914893617,1047,89.10638298,613,52.17021277,562,47.82978723,0,0,0,0,96,7.960199005,391,32.4212272,20,13.7,43,72.9
2008-09,Educational Service District 113,34,Thurston,34324,Griffin School District,637,36,5.651491366,21,3.296703297,11,1.726844584,32,5.02355,19,2.982731554,14,2.197802198,529,83.0455259,327,51.33437991,310,48.66562009,0,0,0,0,72,11.28526646,111,17.39811912,17,12.9,26,68.4
2008-09,Educational Service District 113,34,Thurston,34401,Rochester School District,2300,97,4.217391304,25,1.086956522,2,0.08695652174,27,1.17391,56,2.434782609,364,15.82608696,1690,73.47826087,1284,55.82608696,1016,44.17391304,1,0.04253509145,101,4.296044236,335,14.24925564,1252,53.2539345,17,12.4,87,65.9
2008-09,Educational Service District 113,34,Thurston,34402,Tenino School District,1309,15,1.145912911,7,0.5347593583,5,0.3819709702,12,0.91673,10,0.7639419404,60,4.583651642,1115,85.17952636,669,51.10771581,640,48.89228419,0,0,10,0.7686395081,197,15.14219831,512,39.35434281,18,14.2,50,68.5
2008-09,Educational Service District 112,35,Wahkiakum,35200,Wahkiakum School District,472,10,2.118644068,2,0.4237288136,0,0,2,0.423729,13,2.754237288,17,3.601694915,428,90.6779661,246,52.11864407,226,47.88135593,0,0,0,0,84,17.72151899,238,50.21097046,16,12.9,22,73.3
2008-09,Educational Service District 123,36,Walla Walla,36101,Dixie School District,22,0,0,0,0,0,0,0,0,1,4.545454545,2,9.090909091,19,86.36363636,8,36.36363636,14,63.63636364,0,0,0,0,9,26.47058824,25,73.52941176,11,6.9,2,100
2008-09,Educational Service District 123,36,Walla Walla,36140,Walla Walla Public Schools,6186,63,1.01842871,149,2.408664727,0,0,149,2.40866,98,1.584222438,1981,32.02392499,3886,62.81926932,3057,49.41804074,3129,50.58195926,73,1.143842056,779,12.20620495,786,12.31588844,3308,51.8332811,17,12.7,258,72.1
2008-09,Educational Service District 123,36,Walla Walla,36250,College Place School District,745,12,1.610738255,7,0.9395973154,0,0,7,0.939597,18,2.416107383,288,38.65771812,420,56.37583893,400,53.69127517,345,46.30872483,55,7.392473118,155,20.83333333,103,13.84408602,450,60.48387097,17,10.9,32,71.1
2008-09,Educational Service District 123,36,Walla Walla,36300,Touchet School District,321,14,4.361370717,0,0,0,0,0,0,1,0.3115264798,109,33.95638629,196,61.05919003,154,47.97507788,167,52.02492212,6,1.941747573,22,7.1197411,30,9.708737864,158,51.13268608,13,14.4,13,54.2
2008-09,Educational Service District 123,36,Walla Walla,36400,Columbia (Walla Walla) School District,925,3,0.3243243243,5,0.5405405405,0,0,5,0.540541,12,1.297297297,227,24.54054054,677,73.18918919,474,51.24324324,451,48.75675676,0,0,82,8.604407135,102,10.70304302,420,44.07135362,17,14.5,30,54.5
2008-09,Educational Service District 123,36,Walla Walla,36401,Waitsburg School District,344,4,1.162790698,3,0.8720930233,2,0.5813953488,5,1.45349,2,0.5813953488,8,2.325581395,302,87.79069767,185,53.77906977,159,46.22093023,0,0,0,0,42,12.61261261,125,37.53753754,14,13.4,15,60
2008-09,Educational Service District 123,36,Walla Walla,36402,Prescott School District,241,4,1.659751037,1,0.4149377593,0,0,1,0.414938,0,0,168,69.70954357,58,24.06639004,131,54.35684647,110,45.64315353,0,0,73,29.91803279,26,10.6557377,198,81.14754098,10,15.5,8,34.8
2008-09,Northwest Educational Service District 189,37,Whatcom,37501,Bellingham School District,10652,265,2.487795719,651,6.111528351,51,0.4787833271,702,6.59031,242,2.271873827,1085,10.18588059,7902,74.18325197,5444,51.10777319,5208,48.89222681,0,0,572,5.320930233,1457,13.55348837,3905,36.3255814,17,12.3,400,65.5
2008-09,Northwest Educational Service District 189,37,Whatcom,37502,Ferndale School District,5361,831,15.5008394,163,3.040477523,9,0.167879127,172,3.20836,75,1.398992725,543,10.12870733,3681,68.66256295,2787,51.98656967,2574,48.01343033,77,1.417525773,237,4.363033873,758,13.95434462,2539,46.74153166,16,11.8,227,66.6
2008-09,Northwest Educational Service District 189,37,Whatcom,37503,Blaine School District,2204,36,1.633393829,120,5.444646098,8,0.3629764065,128,5.80762,62,2.813067151,184,8.34845735,1783,80.89836661,1136,51.54264973,1068,48.45735027,0,0,94,4.228520018,272,12.2357175,980,44.0845704,18,11.1,76,61.8
2008-09,Northwest Educational Service District 189,37,Whatcom,37504,Lynden School District,2846,38,1.335207309,92,3.232607168,1,0.03513703443,93,3.26774,32,1.124385102,519,18.23612087,2134,74.98243148,1439,50.56219255,1407,49.43780745,84,2.979780064,240,8.513657325,346,12.27385598,985,34.94146861,18,13.2,96,61.1
2008-09,Northwest Educational Service District 189,37,Whatcom,37505,Meridian School District,1871,32,1.710315339,84,4.489577766,1,0.05344735436,85,4.54303,35,1.870657402,235,12.56012827,1470,78.5676109,945,50.50774987,926,49.49225013,0,0,121,5.94302554,205,10.06876228,589,28.92927308,21,12.8,54,60.7
2008-09,Northwest Educational Service District 189,37,Whatcom,37506,Nooksack School District,1664,130,7.8125,24,1.442307692,11,0.6610576923,35,2.10337,21,1.262019231,393,23.61778846,1077,64.72355769,810,48.67788462,854,51.32211538,88,5.066206102,181,10.42026482,305,17.55900979,922,53.08002303,15,12.1,70,63.6
2008-09,Northwest Educational Service District 189,37,Whatcom,37507,Mount Baker School District,2185,152,6.956521739,25,1.14416476,7,0.3203661327,32,1.46453,14,0.6407322654,131,5.995423341,1796,82.19679634,1106,50.61784897,1079,49.38215103,0,0,162,7.527881041,319,14.82342007,1103,51.25464684,16,11.5,94,70.1
2008-09,Educational Service District 101,38,Whitman,38126,LaCrosse School District,123,0,0,0,0,0,0,0,0,1,0.8130081301,15,12.19512195,107,86.99186992,62,50.40650407,61,49.59349593,0,0,0,0,8,7.207207207,43,38.73873874,8,11.9,13,81.3
2008-09,Educational Service District 101,38,Whitman,38264,Lamont School District,32,1,3.125,0,0,0,0,0,0,0,0,0,0,28,87.5,15,46.875,17,53.125,0,0,0,0,8,25.80645161,20,64.51612903,5,5.8,2,33.3
2008-09,Educational Service District 101,38,Whitman,38265,Tekoa School District,212,12,5.660377358,1,0.4716981132,0,0,1,0.471698,2,0.9433962264,9,4.245283019,186,87.73584906,98,46.22641509,114,53.77358491,0,0,0,0,32,13.91304348,125,54.34782609,11,18,14,70
2008-09,Educational Service District 101,38,Whitman,38267,Pullman School District,2372,36,1.517706577,256,10.7925801,1,0.04215851602,257,10.8347,91,3.836424958,119,5.016863406,1808,76.22259696,1216,51.26475548,1156,48.73524452,0,0,68,2.88379983,237,10.05089059,679,28.79558948,18,11.4,91,70
2008-09,Educational Service District 101,38,Whitman,38300,Colfax School District,676,7,1.035502959,20,2.958579882,1,0.1479289941,21,3.10651,0,0,11,1.627218935,614,90.82840237,341,50.44378698,335,49.55621302,0,0,0,0,80,10.89918256,204,27.79291553,14,14.6,33,70.2
2008-09,Educational Service District 101,38,Whitman,38301,Palouse School District,204,5,2.450980392,1,0.4901960784,0,0,1,0.490196,0,0,7,3.431372549,182,89.21568627,114,55.88235294,90,44.11764706,0,0,0,0,21,8.936170213,76,32.34042553,13,17.8,12,75
2008-09,Educational Service District 101,38,Whitman,38302,Garfield School District,98,1,1.020408163,0,0,0,0,0,0,0,0,3,3.06122449,94,95.91836735,49,50,49,50,0,0,0,0,17,16.03773585,53,50,7,16.9,6,42.9
2008-09,Educational Service District 101,38,Whitman,38304,Steptoe School District,37,0,0,0,0,0,0,0,0,0,0,0,0,37,100,25,67.56756757,12,32.43243243,0,0,0,0,4,6.153846154,0,0,9,9.7,2,50
2008-09,Educational Service District 101,38,Whitman,38306,Colton School District,190,0,0,2,1.052631579,0,0,2,1.05263,0,0,1,0.5263157895,177,93.15789474,102,53.68421053,88,46.31578947,0,0,0,0,15,7.5,22,11,11,10.7,14,82.4
2008-09,Educational Service District 101,38,Whitman,38308,Endicott School District,72,6,8.333333333,3,4.166666667,0,0,3,4.16667,0,0,2,2.777777778,61,84.72222222,39,54.16666667,33,45.83333333,0,0,0,0,5,6.493506494,39,50.64935065,6,11.9,8,61.5
2008-09,Educational Service District 101,38,Whitman,38320,Rosalia School District,225,6,2.666666667,3,1.333333333,0,0,3,1.33333,2,0.8888888889,3,1.333333333,207,92,127,56.44444444,98,43.55555556,0,0,0,0,19,7.630522088,116,46.58634538,11,12,16,76.2
2008-09,Educational Service District 101,38,Whitman,38322,St. John School District,191,4,2.094240838,6,3.141361257,1,0.5235602094,7,3.66492,1,0.5235602094,4,2.094240838,165,86.38743455,107,56.02094241,84,43.97905759,0,0,0,0,16,7.619047619,65,30.95238095,11,16.6,7,41.2
2008-09,Educational Service District 101,38,Whitman,38324,Oakesdale School District,116,0,0,1,0.8620689655,3,2.586206897,4,3.44828,0,0,0,0,109,93.96551724,47,40.51724138,69,59.48275862,0,0,0,0,10,7.575757576,46,34.84848485,8,11.5,10,71.4
2008-09,Educational Service District 105,39,Yakima,39002,Union Gap School District,613,30,4.893964111,4,0.6525285481,0,0,4,0.652529,18,2.936378467,367,59.86949429,194,31.64763458,304,49.59216966,309,50.40783034,48,8.013355593,121,20.20033389,88,14.69115192,483,80.63439065,17,13.3,19,51.4
2008-09,Educational Service District 105,39,Yakima,39003,Naches Valley School District,1509,21,1.391650099,13,0.8614976806,0,0,13,0.861498,15,0.9940357853,230,15.24188204,1229,81.44466534,811,53.74420146,698,46.25579854,0,0,69,4.624664879,143,9.584450402,517,34.65147453,18,11.1,55,65.5
2008-09,Educational Service District 105,39,Yakima,39007,Yakima School District,14570,408,2.800274537,182,1.249142073,4,0.02745367193,186,1.2766,447,3.067947838,9410,64.58476321,4116,28.24982841,7369,50.57652711,7201,49.42347289,3311,22.73726137,3785,25.99230875,1827,12.54635352,11294,77.55802774,18,13,482,58.1
2008-09,Educational Service District 105,39,Yakima,39090,East Valley School District (Yakima),2784,67,2.406609195,29,1.041666667,3,0.1077586207,32,1.14943,31,1.113505747,946,33.97988506,1600,57.47126437,1461,52.47844828,1323,47.52155172,0,0,234,8.378088077,356,12.74615109,1404,50.26852846,17,12.1,97,59.5
2008-09,Educational Service District 105,39,Yakima,39119,Selah School District,3367,46,1.366201366,17,0.5049005049,11,0.3267003267,28,0.831601,10,0.297000297,500,14.85001485,2378,70.62667063,1697,50.4009504,1670,49.5990496,0,0,181,5.321964128,416,12.23169656,1374,40.39988239,16,13.1,121,59
2008-09,Educational Service District 105,39,Yakima,39120,Mabton School District,933,7,0.7502679528,5,0.5359056806,0,0,5,0.535906,4,0.4287245445,867,92.92604502,50,5.359056806,464,49.73204716,469,50.26795284,296,29.54091816,377,37.6247505,102,10.17964072,840,83.83233533,16,11.7,37,61.7
2008-09,Educational Service District 105,39,Yakima,39200,Grandview School District,3467,13,0.3749639458,12,0.3461205653,0,0,12,0.346121,13,0.3749639458,2980,85.95327372,442,12.74877416,1743,50.27401211,1724,49.72598789,432,13.84615385,864,27.69230769,363,11.63461538,2483,79.58333333,18,10.9,122,62.6
2008-09,Educational Service District 105,39,Yakima,39201,Sunnyside School District,5948,9,0.1513113652,23,0.3866845999,5,0.08406186954,28,0.470746,12,0.2017484869,5204,87.49159381,640,10.7599193,3103,52.16879623,2845,47.83120377,1409,23.19341564,1543,25.39917695,777,12.79012346,4662,76.74074074,15,11.3,232,60.1
2008-09,Educational Service District 105,39,Yakima,39202,Toppenish School District,3447,523,15.17261387,6,0.1740644038,0,0,6,0.174064,0,0,2712,78.67711053,201,5.831157528,1737,50.39164491,1710,49.60835509,661,18.14438649,1175,32.25363711,418,11.47405984,3552,97.50205874,19,10.2,88,48.9
2008-09,Educational Service District 105,39,Yakima,39203,Highland School District,1141,12,1.051709027,8,0.7011393514,0,0,8,0.701139,9,0.7887817704,718,62.92725679,391,34.2681858,600,52.58545136,541,47.41454864,258,21.99488491,225,19.18158568,145,12.36146633,849,72.37851662,16,11,50,70.4
2008-09,Educational Service District 105,39,Yakima,39204,Granger School District,1482,94,6.342780027,1,0.06747638327,0,0,1,0.0674764,3,0.2024291498,1283,86.57219973,89,6.005398111,775,52.29419703,707,47.70580297,244,16.09498681,542,35.75197889,155,10.22427441,1403,92.54617414,18,11.2,44,53
2008-09,Educational Service District 105,39,Yakima,39205,Zillah School District,1346,64,4.754829123,9,0.6686478455,1,0.07429420505,10,0.742942,9,0.6686478455,528,39.22734027,734,54.53194651,710,52.74888559,636,47.25111441,97,7.095830285,153,11.1923921,141,10.31455743,697,50.98756401,17,11.3,48,62.3
2008-09,Educational Service District 105,39,Yakima,39207,Wapato School District,3373,865,25.64482656,56,1.660243107,0,0,56,1.66024,8,0.2371775867,2266,67.18055144,164,4.862140528,1691,50.13341239,1682,49.86658761,1085,32.47530679,821,24.57348099,436,13.04998503,2970,88.89554026,18,10.9,90,46.9
2008-09,Educational Service District 105,39,Yakima,39208,West Valley School District (Yakima),4940,94,1.902834008,131,2.651821862,4,0.08097165992,135,2.73279,63,1.275303644,880,17.81376518,3676,74.41295547,2590,52.4291498,2350,47.5708502,66,1.351904957,60,1.229004506,657,13.45759934,1894,38.79557558,20,13,170,69.1
2008-09,Educational Service District 105,39,Yakima,39209,Mount Adams School District,951,596,62.67087277,1,0.1051524711,0,0,1,0.105152,1,0.1051524711,282,29.65299685,71,7.465825447,514,54.04837014,437,45.95162986,28,2.889576883,115,11.86790506,150,15.47987616,825,85.13931889,15,11.7,29,44.6