SchoolYear,ESD,CountyNumber,County,CountyDistrictNumber,District,TotalEnrollment,NumberAmericanIndianorAlaskanNative,PercentAmericanIndianorAlaskanNative,NumberAsian,PercentAsian,NumberPacificIslander,PercentPacificIslander,NumberAsianPacificIslander,PercentAsianPacificIslander,NumberBlack,PercentBlack,NumberHispanic,PercentHispanic,NumberWhite,PercentWhite,NumberTwoOrMoreRaces,PercentTwoOrMoreRaces,NumberMales,PercentMales,NumberFemales,PercentFemales,NumberMigrant,PercentMigrant,NumberTransitionalBilingual,PercentTransitionalBilingual,NumberSpecialEducation,PercentSpecialEducation,NumberFreeorReducedPricedMeals,PercentFreeorReducedPricedMeals,NumberSection504,PercentSection504,NumberFosterCare,PercentFosterCare,StudentsPerClassroomTeacher,AvgYearsEducationalExperience,NumberTeachersWithAtLeastMasterDegree,PercentTeachersWithAtLeastMasterDegree
2012-13,Educational Service District 113,14,Grays Harbor,14005,Aberdeen School District,3273,167,5.1,102,3.12,17,0.52,119,3.64,46,1.41,907,27.71,1932,59.03,102,3.12,1684,51.45,1589,48.55,120,3.7,296,9.12,515,15.87,2203,67.87,30,0.92,0,0,18,11.9,128,69.57
2012-13,Educational Service District 113,21,Lewis,21226,Adna School District,578,3,0.52,8,1.38,0,0,8,1.38,2,0.35,24,4.15,532,92.04,9,1.56,313,54.15,265,45.85,0,0,0,0,43,7.53,170,29.77,12,2.1,2,0.35,17,13,27,79.41
2012-13,Educational Service District 101,22,Lincoln,22017,Almira School District,97,0,0,0,0,0,0,0,0,1,1.03,6,6.19,88,90.72,2,2.06,53,54.64,44,45.36,0,0,0,0,11,11.58,40,42.11,0,0,0,0,9,15.1,9,81.82
2012-13,Northwest Educational Service District 189,29,Skagit,29103,Anacortes School District,2709,36,1.33,85,3.14,1,0.04,86,3.17,40,1.48,220,8.12,2292,84.61,35,1.29,1397,51.57,1312,48.43,0,0,55,2.05,265,9.88,909,33.91,124,4.63,2,0.07,19,12.7,108,77.14
2012-13,Northwest Educational Service District 189,31,Snohomish,31016,Arlington School District,5487,67,1.22,97,1.77,26,0.47,123,2.24,70,1.28,573,10.44,4425,80.65,229,4.17,2847,51.89,2640,48.11,0,0,191,3.47,586,10.64,1803,32.74,50,0.91,7,0.13,20,11.4,204,76.12
2012-13,Educational Service District 123,02,Asotin,02420,Asotin-Anatone School District,608,5,0.82,4,0.66,0,0,4,0.66,0,0,34,5.59,531,87.34,34,5.59,306,50.33,302,49.67,0,0,1,0.17,76,12.6,212,35.16,7,1.16,0,0,16,12.6,19,50
2012-13,Puget Sound Educational Service District 121,17,King,17408,Auburn School District,14721,222,1.51,1122,7.62,394,2.68,1516,10.3,969,6.58,3454,23.46,7394,50.23,1166,7.92,7482,50.83,7239,49.17,0,0,1944,13.14,1734,11.72,8210,55.51,258,1.74,0,0,19,13,541,69.27
2012-13,Puget Sound Educational Service District 121,18,Kitsap,18303,Bainbridge Island School District,3889,24,0.62,148,3.81,5,0.13,153,3.93,19,0.49,250,6.43,3171,81.54,272,6.99,1979,50.89,1910,49.11,0,0,21,0.54,495,12.74,265,6.82,162,4.17,0,0,17,14,179,79.91
2012-13,Educational Service District 112,06,Clark,06119,Battle Ground School District,13202,41,0.31,247,1.87,24,0.18,271,2.05,77,0.58,1031,7.81,11135,84.34,647,4.9,6773,51.3,6429,48.7,0,0,695,5.28,1689,12.82,5058,38.39,215,1.63,29,0.22,19,12.2,501,71.47
2012-13,Puget Sound Educational Service District 121,17,King,17405,Bellevue School District,19017,42,0.22,5950,31.29,28,0.15,5978,31.44,546,2.87,2135,11.23,8730,45.91,1586,8.34,9968,52.42,9049,47.58,0,0,1917,10.03,1970,10.31,3883,20.33,716,3.75,0,0,15,9.9,900,71.88
2012-13,Northwest Educational Service District 189,37,Whatcom,37501,Bellingham School District,11141,111,1,627,5.63,28,0.25,655,5.88,155,1.39,1630,14.63,7807,70.07,783,7.03,5754,51.65,5387,48.35,79,0.71,627,5.67,1527,13.8,4189,37.85,532,4.81,30,0.27,18,12,412,68.33
2012-13,Educational Service District 101,01,Adams,01122,Benge School District,11,0,0,4,36.36,0,0,4,36.36,0,0,0,0,7,63.64,0,0,5,45.45,6,54.55,0,0,0,0,5,45.45,0,0,0,0,0,0,6,27,0,
2012-13,Puget Sound Educational Service District 121,27,Pierce,27403,Bethel School District,17766,317,1.78,1042,5.87,432,2.43,1474,8.3,1671,9.41,2428,13.67,10793,60.75,1083,6.1,9352,52.64,8414,47.36,0,0,290,1.64,2391,13.55,8591,48.7,279,1.58,36,0.2,19,11.9,644,67.65
2012-13,Educational Service District 105,20,Klickitat,20203,Bickleton School District,101,0,0,0,0,0,0,0,0,0,0,28,27.72,70,69.31,3,2.97,54,53.47,47,46.53,0,0,0,0,13,12.15,0,0,0,0,0,0,8,15.1,8,61.54
2012-13,Northwest Educational Service District 189,37,Whatcom,37503,Blaine School District,2190,19,0.87,54,2.47,26,1.19,80,3.65,34,1.55,273,12.47,1660,75.8,124,5.66,1135,51.83,1055,48.17,0,0,82,3.79,307,14.2,985,45.56,46,2.13,0,0,19,12.4,81,69.23
2012-13,Educational Service District 113,21,Lewis,21234,Boistfort School District,96,1,1.04,1,1.04,0,0,1,1.04,0,0,17,17.71,77,80.21,0,0,59,61.46,37,38.54,0,0,0,0,26,27.66,60,63.83,0,0,0,0,16,12.7,5,83.33
2012-13,Olympic Educational Service District 114,18,Kitsap,18100,Bremerton School District,4870,76,1.56,199,4.09,114,2.34,313,6.43,306,6.28,803,16.49,2626,53.92,746,15.32,2574,52.85,2296,47.15,0,0,157,3.24,843,17.42,3082,63.68,177,3.66,0,0,16,14.8,178,59.33
2012-13,North Central Educational Service District 171,24,Okanogan,24111,Brewster School District,936,4,0.43,0,0,0,0,0,0,0,0,851,90.92,72,7.69,9,0.96,517,55.24,419,44.76,118,12.76,444,48,127,13.73,899,97.19,12,1.3,0,0,16,11.2,38,64.41
2012-13,North Central Educational Service District 171,09,Douglas,09075,Bridgeport School District,810,1,0.12,1,0.12,0,0,1,0.12,1,0.12,715,88.27,85,10.49,7,0.86,431,53.21,379,46.79,126,16.3,322,41.66,85,11,737,95.34,20,2.59,0,0,18,11.2,28,60.87
2012-13,Olympic Educational Service District 114,16,Jefferson,16046,Brinnon School District,32,0,0,2,6.25,3,9.38,5,15.63,0,0,0,0,27,84.38,0,0,19,59.38,13,40.63,0,0,2,5.13,11,28.21,34,87.18,0,0,0,0,5,4.9,3,50
2012-13,Northwest Educational Service District 189,29,Skagit,29100,Burlington-Edison School District,3758,24,0.64,66,1.76,5,0.13,71,1.89,15,0.4,1402,37.31,2157,57.4,89,2.37,1966,52.32,1792,47.68,160,4.36,643,17.53,515,14.04,1900,51.8,33,0.9,0,0,18,11.2,121,57.08
2012-13,Educational Service District 112,06,Clark,06117,Camas School District,6338,25,0.39,361,5.7,32,0.5,393,6.2,64,1.01,451,7.12,4972,78.45,433,6.83,3242,51.15,3096,48.85,0,0,37,0.59,786,12.44,1332,21.08,133,2.1,8,0.13,19,11.2,279,82.54
2012-13,Olympic Educational Service District 114,05,Clallam,05401,Cape Flattery School District,447,196,43.85,0,0,0,0,0,0,0,0,63,14.09,98,21.92,90,20.13,228,51.01,219,48.99,0,0,0,0,62,14.03,252,57.01,18,4.07,0,0,11,9.4,27,64.29
2012-13,Puget Sound Educational Service District 121,27,Pierce,27019,Carbonado School District,177,0,0,0,0,0,0,0,0,1,0.56,13,7.34,157,88.7,6,3.39,88,49.72,89,50.28,0,0,0,0,21,11.93,54,30.68,0,0,0,0,15,11.5,9,75
2012-13,North Central Educational Service District 171,04,Chelan,04228,Cascade School District,1310,10,0.76,8,0.61,3,0.23,11,0.84,10,0.76,405,30.92,858,65.5,16,1.22,663,50.61,647,49.39,46,3.41,165,12.23,147,10.9,606,44.92,44,3.26,1,0.07,18,12.3,38,53.52
2012-13,North Central Educational Service District 171,04,Chelan,04222,Cashmere School District,1491,7,0.47,9,0.6,1,0.07,10,0.67,10,0.67,570,38.23,875,58.69,19,1.27,745,49.97,746,50.03,111,7.49,213,14.38,114,7.7,754,50.91,24,1.62,4,0.27,19,13.2,59,73.75
2012-13,Educational Service District 112,08,Cowlitz,08401,Castle Rock School District,1320,19,1.44,12,0.91,5,0.38,17,1.29,7,0.53,131,9.92,1094,82.88,52,3.94,685,51.89,635,48.11,0,0,29,2.19,239,18.05,676,51.06,62,4.68,4,0.3,18,11.5,59,80.82
2012-13,Educational Service District 112,20,Klickitat,20215,Centerville School District,80,0,0,0,0,0,0,0,0,4,5,4,5,72,90,0,0,41,51.25,39,48.75,0,0,0,0,10,11.63,37,43.02,0,0,0,0,16,15.2,3,60
2012-13,Olympic Educational Service District 114,18,Kitsap,18401,Central Kitsap School District,11423,71,0.62,667,5.84,150,1.31,817,7.15,354,3.1,1335,11.69,7049,61.71,1797,15.73,5926,51.88,5497,48.12,0,0,240,2.15,1829,16.39,4201,37.65,236,2.11,54,0.48,18,13.8,388,61.69
2012-13,Educational Service District 101,32,Spokane,32356,Central Valley School District,12821,97,0.76,149,1.16,33,0.26,182,1.42,136,1.06,776,6.05,10965,85.52,665,5.19,6642,51.81,6179,48.19,0,0,296,2.31,1891,14.75,5162,40.25,566,4.41,1,0.01,18,12.2,525,73.63
2012-13,Educational Service District 113,21,Lewis,21401,Centralia School District,3578,21,0.59,27,0.75,10,0.28,37,1.03,59,1.65,1038,29.01,2342,65.46,80,2.24,1814,50.7,1764,49.3,113,3.14,300,8.34,609,16.94,2595,72.16,16,0.44,4,0.11,19,12.6,131,69.31
2012-13,Educational Service District 113,21,Lewis,21302,Chehalis School District,2969,21,0.71,42,1.41,5,0.17,47,1.58,58,1.95,464,15.63,2197,74,182,6.13,1587,53.45,1382,46.55,0,0,99,3.35,455,15.41,1462,49.53,10,0.34,2,0.07,18,14.2,127,78.4
2012-13,Educational Service District 101,32,Spokane,32360,Cheney School District,4156,64,1.54,87,2.09,12,0.29,99,2.38,60,1.44,391,9.41,3216,77.38,326,7.84,2173,52.29,1983,47.71,0,0,95,2.28,701,16.81,2112,50.66,65,1.56,0,0,17,12.7,172,68.8
2012-13,Educational Service District 101,33,Stevens,33036,Chewelah School District,826,7,0.85,2,0.24,0,0,2,0.24,3,0.36,29,3.51,772,93.46,13,1.57,440,53.27,386,46.73,0,0,5,0.59,102,11.96,536,62.84,6,0.7,0,0,17,16,39,81.25
2012-13,Olympic Educational Service District 114,16,Jefferson,16049,Chimacum School District,1069,15,1.4,19,1.78,4,0.37,23,2.15,9,0.84,80,7.48,875,81.85,67,6.27,548,51.26,521,48.74,0,0,1,0.09,159,14.63,552,50.78,34,3.13,0,0,18,13.2,39,63.93
2012-13,Educational Service District 123,02,Asotin,02250,Clarkston School District,2694,38,1.41,25,0.93,2,0.07,27,1,33,1.22,164,6.09,2338,86.79,94,3.49,1356,50.33,1338,49.67,0,0,26,0.98,450,17.02,1552,58.7,53,2,0,0,19,15.3,87,60.42
2012-13,Educational Service District 105,19,Kittitas,19404,Cle Elum-Roslyn School District,924,12,1.3,17,1.84,3,0.32,20,2.16,6,0.65,70,7.58,783,84.74,33,3.57,484,52.38,440,47.62,0,0,13,1.4,105,11.33,391,42.18,7,0.76,0,0,19,12.9,29,59.18
2012-13,Puget Sound Educational Service District 121,27,Pierce,27400,Clover Park School District,12666,81,0.64,606,4.78,462,3.65,1068,8.43,1598,12.62,3575,28.23,4920,38.84,1424,11.24,6628,52.33,6038,47.67,0,0,1327,10.81,1965,16.01,8204,66.85,143,1.17,12,0.1,19,11.1,456,68.26
2012-13,Educational Service District 101,38,Whitman,38300,Colfax School District,623,1,0.16,5,0.8,0,0,5,0.8,1,0.16,15,2.41,563,90.37,38,6.1,332,53.29,291,46.71,0,0,0,0,75,11.79,228,35.85,7,1.1,0,0,16,16.1,30,78.95
2012-13,Educational Service District 123,36,Walla Walla,36250,College Place School District,805,4,0.5,4,0.5,2,0.25,6,0.75,6,0.75,383,47.58,391,48.57,15,1.86,418,51.93,387,48.07,0,0,185,23.21,107,13.43,512,64.24,6,0.75,0,0,17,12.2,40,85.11
2012-13,Educational Service District 101,38,Whitman,38306,Colton School District,166,0,0,4,2.41,0,0,4,2.41,4,2.41,5,3.01,149,89.76,4,2.41,81,48.8,85,51.2,0,0,0,0,24,14.29,21,12.5,7,4.17,0,0,11,9,12,80
2012-13,Educational Service District 101,33,Stevens,33206,Columbia (Stevens) School District,169,49,28.99,1,0.59,0,0,1,0.59,0,0,13,7.69,76,44.97,30,17.75,91,53.85,78,46.15,0,0,0,0,25,14.88,128,76.19,3,1.79,0,0,9,14.4,12,63.16
2012-13,Educational Service District 123,36,Walla Walla,36400,Columbia (Walla Walla) School District,882,3,0.34,2,0.23,0,0,2,0.23,10,1.13,259,29.37,581,65.87,27,3.06,450,51.02,432,48.98,41,4.79,103,12.03,129,15.07,438,51.17,0,0,3,0.35,17,12.5,32,60.38
2012-13,Educational Service District 101,33,Stevens,33115,Colville School District,1874,32,1.71,10,0.53,4,0.21,14,0.75,6,0.32,92,4.91,1641,87.57,89,4.75,937,50,937,50,0,0,42,2.24,277,14.76,1044,55.62,6,0.32,2,0.11,17,14.3,82,72.57
2012-13,Northwest Educational Service District 189,29,Skagit,29011,Concrete School District,566,9,1.59,1,0.18,0,0,1,0.18,1,0.18,27,4.77,520,91.87,8,1.41,308,54.42,258,45.58,0,0,0,0,74,13.43,348,63.16,0,0,0,0,16,14,22,62.86
2012-13,Northwest Educational Service District 189,29,Skagit,29317,Conway School District,448,2,0.45,5,1.12,0,0,5,1.12,2,0.45,64,14.29,374,83.48,1,0.22,226,50.45,222,49.55,24,5.36,28,6.25,52,11.61,117,26.12,2,0.45,0,0,19,14.5,19,82.61
2012-13,Educational Service District 113,14,Grays Harbor,14099,Cosmopolis School District,131,1,0.76,0,0,0,0,0,0,0,0,19,14.5,100,76.34,11,8.4,70,53.44,61,46.56,0,0,2,1.47,19,13.97,66,48.53,3,2.21,1,0.74,12,13.8,7,63.64
2012-13,North Central Educational Service District 171,13,Grant,13151,Coulee-Hartline School District,190,0,0,1,0.53,0,0,1,0.53,1,0.53,12,6.32,164,86.32,12,6.32,91,47.89,99,52.11,0,0,0,0,27,14.14,71,37.17,0,0,0,0,11,13.5,10,55.56
2012-13,Northwest Educational Service District 189,15,Island,15204,Coupeville School District,973,6,0.62,14,1.44,0,0,14,1.44,19,1.95,107,11,738,75.85,89,9.15,484,49.74,489,50.26,0,0,22,2.23,151,15.28,341,34.51,8,0.81,1,0.1,18,13.3,38,71.7
2012-13,Olympic Educational Service District 114,05,Clallam,05313,Crescent School District,313,7,2.24,0,0,0,0,0,0,0,0,9,2.88,270,86.26,27,8.63,161,51.44,152,48.56,0,0,0,0,32,10.36,125,40.45,1,0.32,0,0,14,14.2,12,52.17
2012-13,Educational Service District 101,22,Lincoln,22073,Creston School District,101,1,0.99,0,0,0,0,0,0,0,0,1,0.99,90,89.11,9,8.91,60,59.41,41,40.59,0,0,0,0,19,18.81,35,34.65,0,0,0,0,7,11.2,9,64.29
2012-13,Educational Service District 101,10,Ferry,10050,Curlew School District,219,8,3.65,0,0,0,0,0,0,4,1.83,11,5.02,188,85.84,8,3.65,109,49.77,110,50.23,0,0,0,0,34,15.18,128,57.14,13,5.8,2,0.89,13,12.6,12,70.59
2012-13,Educational Service District 101,26,Pend Oreille,26059,Cusick School District,292,87,29.79,4,1.37,0,0,4,1.37,2,0.68,15,5.14,157,53.77,27,9.25,160,54.79,132,45.21,0,0,0,0,42,15.56,162,60,6,2.22,3,1.11,13,13.9,11,47.83
2012-13,Educational Service District 105,19,Kittitas,19007,Damman School District,47,2,4.26,0,0,2,4.26,2,4.26,0,0,0,0,43,91.49,0,0,16,34.04,31,65.96,0,0,0,0,3,6.38,0,0,0,0,0,0,24,23.5,1,50
2012-13,Northwest Educational Service District 189,31,Snohomish,31330,Darrington School District,443,16,3.61,2,0.45,0,0,2,0.45,3,0.68,17,3.84,380,85.78,25,5.64,230,51.92,213,48.08,0,0,0,0,75,16.7,272,60.58,4,0.89,0,0,17,15,15,57.69
2012-13,Educational Service District 101,22,Lincoln,22207,Davenport School District,562,1,0.18,2,0.36,0,0,2,0.36,3,0.53,17,3.02,538,95.73,1,0.18,287,51.07,275,48.93,0,0,0,0,68,12.66,282,52.51,6,1.12,0,0,18,13.9,23,71.88
2012-13,Educational Service District 123,07,Columbia,07002,Dayton School District,454,15,3.3,8,1.76,0,0,8,1.76,11,2.42,54,11.89,358,78.85,8,1.76,222,48.9,232,51.1,0,0,1,0.22,70,15.32,255,55.8,43,9.41,0,0,15,16.6,18,58.06
2012-13,Educational Service District 101,32,Spokane,32414,Deer Park School District,2570,62,2.41,13,0.51,2,0.08,15,0.58,35,1.36,100,3.89,2345,91.25,13,0.51,1328,51.67,1242,48.33,0,0,0,0,318,12.6,1260,49.92,82,3.25,0,0,22,13,80,67.23
2012-13,Puget Sound Educational Service District 121,27,Pierce,27343,Dieringer School District,1435,13,0.91,58,4.04,7,0.49,65,4.53,13,0.91,80,5.57,1155,80.49,109,7.6,712,49.62,723,50.38,0,0,19,1.32,148,10.29,178,12.38,57,3.96,0,0,18,14.8,57,72.15
2012-13,Educational Service District 123,36,Walla Walla,36101,Dixie School District,32,0,0,0,0,0,0,0,0,0,0,3,9.38,29,90.63,0,0,14,43.75,18,56.25,0,0,0,0,10,27.03,36,97.3,0,0,0,0,11,15.1,3,100
2012-13,Educational Service District 101,32,Spokane,32361,East Valley School District (Spokane),4469,53,1.19,73,1.63,15,0.34,88,1.97,37,0.83,421,9.42,3542,79.26,328,7.34,2282,51.06,2187,48.94,0,0,110,2.42,666,14.63,2341,51.43,40,0.88,0,0,17,14.6,196,73.13
2012-13,Educational Service District 105,39,Yakima,39090,East Valley School District (Yakima),3054,26,0.85,24,0.79,6,0.2,30,0.98,34,1.11,1296,42.44,1620,53.05,48,1.57,1596,52.26,1458,47.74,179,5.97,323,10.77,403,13.43,1666,55.53,5,0.17,1,0.03,19,12.6,109,66.46
2012-13,North Central Educational Service District 171,09,Douglas,09206,Eastmont School District,5666,19,0.34,34,0.6,3,0.05,37,0.65,20,0.35,2367,41.78,3075,54.27,148,2.61,2912,51.39,2754,48.61,574,10.17,948,16.8,696,12.34,3229,57.23,92,1.63,27,0.48,17,12.8,258,77.48
2012-13,Educational Service District 105,19,Kittitas,19028,Easton School District,94,3,3.19,1,1.06,0,0,1,1.06,1,1.06,20,21.28,68,72.34,1,1.06,48,51.06,46,48.94,0,0,12,13.48,10,11.24,55,61.8,0,0,0,0,9,11.3,7,63.64
2012-13,Puget Sound Educational Service District 121,27,Pierce,27404,Eatonville School District,1852,24,1.3,9,0.49,7,0.38,16,0.86,15,0.81,111,5.99,1569,84.72,75,4.05,949,51.24,903,48.76,0,0,13,0.68,190,9.92,378,19.73,17,0.89,2,0.1,16,12.8,76,67.26
2012-13,Northwest Educational Service District 189,31,Snohomish,31015,Edmonds School District,20728,130,0.63,2764,13.33,122,0.59,2886,13.92,1196,5.77,3438,16.59,11138,53.73,1940,9.36,10759,51.91,9969,48.09,0,0,2129,10.22,2960,14.21,7625,36.6,1008,4.84,17,0.08,19,12,729,68.19
2012-13,Educational Service District 105,19,Kittitas,19401,Ellensburg School District,3002,34,1.13,47,1.57,4,0.13,51,1.7,29,0.97,490,16.32,2385,79.45,13,0.43,1514,50.43,1488,49.57,37,1.24,204,6.84,406,13.62,1166,39.11,47,1.58,0,0,18,11.2,113,69.33
2012-13,Educational Service District 113,14,Grays Harbor,14068,Elma School District,1526,22,1.44,10,0.66,0,0,10,0.66,11,0.72,254,16.64,1149,75.29,80,5.24,791,51.83,735,48.17,0,0,103,6.63,273,17.57,887,57.08,64,4.12,16,1.03,18,15,59,70.24
2012-13,Educational Service District 101,38,Whitman,38308,Endicott School District,95,0,0,1,1.05,0,0,1,1.05,0,0,4,4.21,86,90.53,4,4.21,53,55.79,42,44.21,0,0,0,0,8,8.7,55,59.78,0,0,0,0,7,12.7,9,69.23
2012-13,North Central Educational Service District 171,04,Chelan,04127,Entiat School District,341,0,0,1,0.29,0,0,1,0.29,1,0.29,112,32.84,209,61.29,18,5.28,177,51.91,164,48.09,0,0,45,12.57,43,12.01,238,66.48,2,0.56,0,0,15,10.5,17,73.91
2012-13,Puget Sound Educational Service District 121,17,King,17216,Enumclaw School District,4520,413,9.14,29,0.64,8,0.18,37,0.82,27,0.6,503,11.13,3399,75.2,141,3.12,2387,52.81,2133,47.19,0,0,189,4.21,590,13.15,1343,29.93,58,1.29,0,0,22,12.2,153,72.86
2012-13,North Central Educational Service District 171,13,Grant,13165,Ephrata School District,2336,7,0.3,12,0.51,0,0,12,0.51,12,0.51,631,27.01,1621,69.39,53,2.27,1226,52.48,1110,47.52,84,3.62,214,9.22,280,12.07,1268,54.66,35,1.51,1,0.04,18,12.4,87,67.44
2012-13,Educational Service District 113,,,21036,Evaline School District,47,0,0,0,0,0,0,0,0,0,0,6,12.77,40,85.11,1,2.13,21,44.68,26,55.32,0,0,0,0,6,12.24,0,0,0,0,0,0,24,3.5,2,100
2012-13,Northwest Educational Service District 189,31,Snohomish,31002,Everett School District,18930,148,0.78,2286,12.08,219,1.16,2505,13.23,744,3.93,3010,15.9,11432,60.39,1091,5.76,9748,51.49,9182,48.51,0,0,1915,10.22,2305,12.3,7685,41,481,2.57,27,0.14,20,12.8,567,61.36
2012-13,Educational Service District 112,06,Clark,06114,Evergreen School District (Clark),26486,180,0.68,1774,6.7,433,1.63,2207,8.33,865,3.27,4224,15.95,17157,64.78,1853,7,13699,51.72,12787,48.28,0,0,2646,10,3644,13.77,12486,47.19,465,1.76,81,0.31,18,11,1120,74.07
2012-13,Educational Service District 101,33,Stevens,33205,Evergreen School District (Stevens),17,1,5.88,0,0,0,0,0,0,1,5.88,0,0,15,88.24,0,0,10,58.82,7,41.18,0,0,0,0,1,5,15,75,0,0,0,0,9,12.1,1,50
2012-13,Puget Sound Educational Service District 121,17,King,17210,Federal Way School District,22221,173,0.78,2779,12.51,918,4.13,3697,16.64,2527,11.37,5424,24.41,7837,35.27,2563,11.53,11470,51.62,10751,48.38,0,0,3067,13.87,2963,13.4,12689,57.38,365,1.65,40,0.18,18,11,797,63.96
2012-13,Northwest Educational Service District 189,37,Whatcom,37502,Ferndale School District,5223,669,12.81,149,2.85,6,0.11,155,2.97,49,0.94,869,16.64,3179,60.87,302,5.78,2698,51.66,2525,48.34,40,0.78,234,4.54,788,15.28,2553,49.51,185,3.59,1,0.02,20,12,187,70.57
2012-13,Puget Sound Educational Service District 121,27,Pierce,27417,Fife School District,3583,34,0.95,263,7.34,117,3.27,380,10.61,124,3.46,654,18.25,1974,55.09,417,11.64,1800,50.24,1783,49.76,0,0,347,9.67,403,11.24,1645,45.86,77,2.15,0,0,19,13,125,67.57
2012-13,Educational Service District 123,03,Benton,03053,Finley School District,935,7,0.75,5,0.53,2,0.21,7,0.75,2,0.21,346,37.01,540,57.75,33,3.53,495,52.94,440,47.06,0,0,136,14.61,147,15.79,648,69.6,12,1.29,2,0.21,16,16.8,37,64.91
2012-13,Puget Sound Educational Service District 121,27,Pierce,27402,Franklin Pierce School District,7481,57,0.76,481,6.43,424,5.67,905,12.1,813,10.87,1678,22.43,3110,41.57,917,12.26,3853,51.5,3628,48.5,0,0,598,8.01,994,13.32,5210,69.81,111,1.49,1,0.01,17,9.9,282,64.38
2012-13,Educational Service District 101,32,Spokane,32358,Freeman School District,905,21,2.32,16,1.77,1,0.11,17,1.88,8,0.88,33,3.65,813,89.83,13,1.44,466,51.49,439,48.51,0,0,0,0,118,13,217,23.9,76,8.37,2,0.22,19,13.8,39,82.98
2012-13,Educational Service District 101,38,Whitman,38302,Garfield School District,111,2,1.8,0,0,0,0,0,0,0,0,3,2.7,103,92.79,3,2.7,61,54.95,50,45.05,0,0,0,0,18,16.98,45,42.45,2,1.89,1,0.94,8,11.1,9,64.29
2012-13,Educational Service District 112,20,Klickitat,20401,Glenwood School District,68,3,4.41,0,0,0,0,0,0,0,0,9,13.24,47,69.12,9,13.24,35,51.47,33,48.53,0,0,0,0,14,21.21,22,33.33,0,0,0,0,6,14.6,6,54.55
2012-13,Educational Service District 105,20,Klickitat,20404,Goldendale School District,1002,60,5.99,7,0.7,2,0.2,9,0.9,4,0.4,116,11.58,753,75.15,60,5.99,554,55.29,448,44.71,0,0,28,2.79,147,14.63,570,56.72,9,0.9,0,0,17,14.8,48,82.76
2012-13,North Central Educational Service District 171,13,Grant,13301,Grand Coulee Dam School District,662,239,36.1,3,0.45,0,0,3,0.45,0,0,65,9.82,214,32.33,141,21.3,327,49.4,335,50.6,0,0,0,0,107,16.31,412,62.8,7,1.07,0,0,18,15.9,19,51.35
2012-13,Educational Service District 105,39,Yakima,39200,Grandview School District,3522,2,0.06,7,0.2,0,0,7,0.2,5,0.14,3181,90.32,313,8.89,14,0.4,1787,50.74,1735,49.26,522,15.12,1096,31.74,395,11.44,2786,80.68,6,0.17,1,0.03,19,9.8,114,60.64
2012-13,Educational Service District 105,39,Yakima,39204,Granger School District,1530,56,3.66,0,0,0,0,0,0,0,0,1388,90.72,63,4.12,23,1.5,808,52.81,722,47.19,250,16.71,542,36.23,177,11.83,1373,91.78,15,1,20,1.34,18,11,44,50.57
2012-13,Northwest Educational Service District 189,31,Snohomish,31332,Granite Falls School District,2077,42,2.02,24,1.16,8,0.39,32,1.54,19,0.91,152,7.32,1770,85.22,62,2.99,1094,52.67,983,47.33,0,0,37,1.75,331,15.66,936,44.3,28,1.33,1,0.05,18,10.6,81,71.68
2012-13,Educational Service District 113,23,Mason,23054,Grapeview School District,211,4,1.9,2,0.95,1,0.47,3,1.42,0,0,11,5.21,183,86.73,10,4.74,105,49.76,106,50.24,0,0,0,0,30,13.51,101,45.5,0,0,0,0,15,18.1,7,50
2012-13,Educational Service District 101,32,Spokane,32312,Great Northern School District,51,3,5.88,2,3.92,0,0,2,3.92,3,5.88,1,1.96,42,82.35,0,0,27,52.94,24,47.06,0,0,2,3.85,7,13.46,0,0,0,0,0,0,13,10.5,3,75
2012-13,Educational Service District 112,06,Clark,06103,Green Mountain School District,161,0,0,0,0,0,0,0,0,1,0.62,7,4.35,151,93.79,2,1.24,84,52.17,77,47.83,0,0,0,0,18,11.39,73,46.2,0,0,1,0.63,18,9,5,55.56
2012-13,Educational Service District 113,34,Thurston,34324,Griffin School District,651,21,3.23,20,3.07,2,0.31,22,3.38,13,2,38,5.84,513,78.8,44,6.76,327,50.23,324,49.77,0,0,3,0.47,62,9.67,110,17.16,15,2.34,0,0,18,13.8,25,69.44
2012-13,Educational Service District 101,22,Lincoln,22204,Harrington School District,98,6,6.12,1,1.02,0,0,1,1.02,0,0,4,4.08,78,79.59,9,9.18,50,51.02,48,48.98,0,0,0,0,13,12.87,55,54.46,0,0,0,0,8,14.1,11,84.62
2012-13,Educational Service District 105,39,Yakima,39203,Highland School District,1242,3,0.24,3,0.24,0,0,3,0.24,3,0.24,818,65.86,386,31.08,29,2.33,667,53.7,575,46.3,235,18.86,282,22.63,148,11.88,946,75.92,6,0.48,6,0.48,17,10.2,47,66.2
2012-13,Puget Sound Educational Service District 121,17,King,17401,Highline School District,18372,205,1.12,2694,14.66,736,4.01,3430,18.67,2017,10.98,6701,36.47,4586,24.96,1433,7.8,9600,52.25,8772,47.75,0,0,4070,22.26,2763,15.11,12776,69.89,1263,6.91,40,0.22,18,10.6,708,68.01
2012-13,Educational Service District 112,06,Clark,06098,Hockinson School District,1878,7,0.37,49,2.61,2,0.11,51,2.72,16,0.85,71,3.78,1704,90.73,29,1.54,967,51.49,911,48.51,0,0,13,0.69,205,10.92,451,24.03,44,2.34,4,0.21,21,12.3,72,79.12
2012-13,Educational Service District 113,23,Mason,23404,Hood Canal School District,295,74,25.08,0,0,0,0,0,0,0,0,22,7.46,161,54.58,38,12.88,162,54.92,133,45.08,0,0,1,0.35,67,23.18,223,77.16,10,3.46,0,0,14,16.2,9,42.86
2012-13,Educational Service District 113,14,Grays Harbor,14028,Hoquiam School District,1644,82,4.99,16,0.97,1,0.06,17,1.03,31,1.89,252,15.33,1207,73.42,55,3.35,831,50.55,813,49.45,0,0,32,1.97,233,14.35,1063,65.46,7,0.43,0,0,17,13.3,62,65.96
2012-13,Educational Service District 101,10,Ferry,10070,Inchelium School District,218,170,77.98,2,0.92,0,0,2,0.92,0,0,4,1.83,8,3.67,34,15.6,117,53.67,101,46.33,0,0,0,0,32,14.81,162,75,1,0.46,0,0,11,12,14,73.68
2012-13,Northwest Educational Service District 189,31,Snohomish,31063,Index School District,23,0,0,0,0,0,0,0,0,0,0,0,0,23,100,0,0,11,47.83,12,52.17,0,0,0,0,2,8.7,8,34.78,0,0,0,0,6,9.2,0,
2012-13,Puget Sound Educational Service District 121,,,17411,Issaquah School District,18415,67,0.36,4139,22.48,57,0.31,4196,22.79,371,2.01,1353,7.35,11549,62.72,879,4.77,9421,51.16,8994,48.84,0,0,762,4.14,1751,9.5,1853,10.06,530,2.88,18,0.1,20,11.9,653,70.82
2012-13,Educational Service District 123,11,Franklin,11056,Kahlotus School District,60,0,0,0,0,0,0,0,0,0,0,14,23.33,44,73.33,2,3.33,23,38.33,37,61.67,0,0,0,0,8,14.04,37,64.91,0,0,0,0,5,12.6,6,54.55
2012-13,Educational Service District 112,08,Cowlitz,08402,Kalama School District,912,6,0.66,11,1.21,2,0.22,13,1.43,17,1.86,52,5.7,802,87.94,22,2.41,476,52.19,436,47.81,0,0,0,0,115,12.95,346,38.96,50,5.63,0,0,18,10.8,36,72
2012-13,Educational Service District 101,10,Ferry,10003,Keller School District,30,30,100,0,0,0,0,0,0,0,0,0,0,0,0,0,0,17,56.67,13,43.33,0,0,0,0,3,11.54,22,84.62,0,0,0,0,10,7.2,0,
2012-13,Educational Service District 112,08,Cowlitz,08458,Kelso School District,5018,130,2.59,64,1.28,18,0.36,82,1.63,27,0.54,768,15.3,3663,73,348,6.94,2483,49.48,2535,50.52,0,0,203,4.11,677,13.69,2891,58.47,86,1.74,0,0,19,10.9,196,74.52
2012-13,Educational Service District 123,03,Benton,03017,Kennewick School District,17024,109,0.64,397,2.33,50,0.29,447,2.63,408,2.4,4651,27.32,11122,65.33,287,1.69,8820,51.81,8204,48.19,1745,10.26,2139,12.57,2171,12.76,9053,53.21,114,0.67,6,0.04,20,13,593,68.08
2012-13,Puget Sound Educational Service District 121,17,King,17415,Kent School District,27539,187,0.68,4705,17.08,640,2.32,5345,19.41,3285,11.93,5454,19.8,10882,39.51,2386,8.66,14406,52.31,13133,47.69,0,0,4624,16.81,3181,11.57,14425,52.45,974,3.54,31,0.11,19,11.4,1032,69.97
2012-13,Educational Service District 101,33,Stevens,33212,Kettle Falls School District,891,20,2.24,8,0.9,1,0.11,9,1.01,4,0.45,41,4.6,793,89,24,2.69,459,51.52,432,48.48,0,0,0,0,113,11.71,541,56.06,52,5.39,1,0.1,19,15.5,41,89.13
2012-13,Educational Service District 123,03,Benton,03052,Kiona-Benton City School District,1481,5,0.34,5,0.34,2,0.14,7,0.47,9,0.61,564,38.08,851,57.46,45,3.04,758,51.18,723,48.82,225,15.06,0,0,212,14.19,1028,68.81,7,0.47,0,0,17,11.8,55,63.22
2012-13,Educational Service District 105,19,Kittitas,19403,Kittitas School District,667,3,0.45,8,1.2,1,0.15,9,1.35,11,1.65,137,20.54,503,75.41,4,0.6,338,50.67,329,49.33,0,0,44,6.56,102,15.2,326,48.58,0,0,0,0,19,13.1,24,68.57
2012-13,Educational Service District 112,20,Klickitat,20402,Klickitat School District,102,3,2.94,0,0,0,0,0,0,0,0,1,0.98,91,89.22,7,6.86,50,49.02,52,50.98,0,0,0,0,22,22.45,96,97.96,0,0,0,0,9,19.8,9,81.82
2012-13,Educational Service District 112,06,Clark,06101,La Center School District,1593,12,0.75,16,1,1,0.06,17,1.07,6,0.38,99,6.21,1435,90.08,24,1.51,821,51.54,772,48.46,0,0,26,1.64,190,11.96,459,28.9,43,2.71,0,0,21,14,59,77.63
2012-13,Northwest Educational Service District 189,29,Skagit,29311,La Conner School District,639,196,30.67,7,1.1,3,0.47,10,1.56,2,0.31,36,5.63,385,60.25,10,1.56,328,51.33,311,48.67,0,0,4,0.64,86,13.78,290,46.47,16,2.56,0,0,12,11.4,39,72.22
2012-13,Educational Service District 101,38,Whitman,38126,LaCrosse School District,76,0,0,0,0,0,0,0,0,1,1.32,0,0,75,98.68,0,0,42,55.26,34,44.74,0,0,0,0,15,18.07,22,26.51,0,0,0,0,5,12.6,11,73.33
2012-13,North Central Educational Service District 171,04,Chelan,04129,Lake Chelan School District,1411,4,0.28,4,0.28,0,0,4,0.28,0,0,730,51.74,656,46.49,17,1.2,758,53.72,653,46.28,100,7.11,343,24.4,148,10.53,938,66.71,29,2.06,0,0,19,14.3,53,69.74
2012-13,Educational Service District 113,14,Grays Harbor,14097,Lake Quinault School District,154,28,18.18,1,0.65,0,0,1,0.65,5,3.25,56,36.36,57,37.01,7,4.55,86,55.84,68,44.16,0,0,33,20.25,26,15.95,146,89.57,0,0,0,0,10,9.1,9,56.25
2012-13,Northwest Educational Service District 189,31,Snohomish,31004,Lake Stevens School District,8189,57,0.7,319,3.9,43,0.53,362,4.42,174,2.12,973,11.88,6087,74.33,536,6.55,4191,51.18,3998,48.82,0,0,286,3.49,1148,14,2502,30.51,249,3.04,15,0.18,21,11.4,273,69.64
2012-13,Puget Sound Educational Service District 121,17,King,17414,Lake Washington School District,25037,74,0.3,4590,18.33,48,0.19,4638,18.52,403,1.61,2420,9.67,16016,63.97,1486,5.94,12978,51.84,12059,48.16,0,0,1559,6.2,3203,12.73,3709,14.74,887,3.53,1,0,16,12.4,1024,66.58
2012-13,Northwest Educational Service District 189,31,Snohomish,31306,Lakewood School District,2354,37,1.57,42,1.78,8,0.34,50,2.12,61,2.59,294,12.49,1768,75.11,144,6.12,1245,52.89,1109,47.11,0,0,76,3.29,328,14.19,779,33.69,47,2.03,11,0.48,18,11.4,81,62.79
2012-13,Educational Service District 101,38,Whitman,38264,Lamont School District,27,1,3.7,0,0,0,0,0,0,0,0,0,0,26,96.3,0,0,11,40.74,16,59.26,0,0,0,0,6,19.35,19,61.29,2,6.45,0,0,5,6.2,2,33.33
2012-13,Educational Service District 101,32,Spokane,32362,Liberty School District,415,6,1.45,0,0,1,0.24,1,0.24,1,0.24,20,4.82,383,92.29,4,0.96,218,52.53,197,47.47,0,0,0,0,59,13.88,185,43.53,51,12,0,0,14,15.3,25,86.21
2012-13,Educational Service District 101,01,Adams,01158,Lind School District,193,1,0.52,3,1.55,0,0,3,1.55,0,0,51,26.42,132,68.39,6,3.11,91,47.15,102,52.85,30,15.54,21,10.88,20,10.36,117,60.62,3,1.55,2,1.04,11,14.7,9,50
2012-13,Educational Service District 112,08,Cowlitz,08122,Longview School District,6729,77,1.14,120,1.78,22,0.33,142,2.11,62,0.92,1269,18.86,4666,69.34,513,7.62,3464,51.48,3265,48.52,0,0,343,5.18,1068,16.14,3850,58.19,82,1.24,2,0.03,20,13.6,245,71.64
2012-13,Educational Service District 101,33,Stevens,33183,Loon Lake School District,227,2,0.88,7,3.08,0,0,7,3.08,0,0,18,7.93,186,81.94,14,6.17,109,48.02,118,51.98,0,0,0,0,16,7.11,85,37.78,0,0,0,0,23,11.6,3,30
2012-13,Northwest Educational Service District 189,28,San Juan,28144,Lopez School District,232,5,2.16,18,7.76,0,0,18,7.76,5,2.16,30,12.93,172,74.14,2,0.86,121,52.16,111,47.84,0,0,15,6.36,32,13.56,119,50.42,32,13.56,0,0,10,12.8,16,66.67
2012-13,Educational Service District 112,,,20406,Lyle School District,261,19,7.28,0,0,0,0,0,0,0,0,31,11.88,193,73.95,18,6.9,144,55.17,117,44.83,0,0,0,0,51,19.25,222,83.77,7,2.64,0,0,19,21.4,6,42.86
2012-13,Northwest Educational Service District 189,37,Whatcom,37504,Lynden School District,2841,13,0.46,75,2.64,2,0.07,77,2.71,35,1.23,619,21.79,2009,70.71,88,3.1,1455,51.21,1386,48.79,101,3.54,233,8.17,386,13.54,1014,35.57,77,2.7,9,0.32,19,12.7,97,64.24
2012-13,Educational Service District 105,39,Yakima,39120,Mabton School District,913,2,0.22,0,0,0,0,0,0,0,0,884,96.82,25,2.74,2,0.22,465,50.93,448,49.07,135,15.02,350,38.93,104,11.57,899,100,2,0.22,1,0.11,18,11.3,38,73.08
2012-13,North Central Educational Service District 171,09,Douglas,09207,Mansfield School District,103,6,5.83,1,0.97,0,0,1,0.97,0,0,17,16.5,79,76.7,0,0,57,55.34,46,44.66,0,0,7,7.78,28,31.11,60,66.67,0,0,0,0,8,17.7,7,53.85
2012-13,North Central Educational Service District 171,04,Chelan,04019,Manson School District,641,10,1.56,4,0.62,0,0,4,0.62,2,0.31,428,66.77,195,30.42,2,0.31,358,55.85,283,44.15,41,6.32,217,33.44,90,13.87,515,79.35,5,0.77,0,0,16,11.4,27,69.23
2012-13,Educational Service District 113,,,23311,Mary M Knight School District,193,2,1.04,0,0,0,0,0,0,1,0.52,8,4.15,179,92.75,3,1.55,112,58.03,81,41.97,0,0,0,0,28,13.93,117,58.21,0,0,4,1.99,12,14.1,12,75
2012-13,Educational Service District 101,33,Stevens,33207,Mary Walker School District,557,54,9.69,1,0.18,5,0.9,6,1.08,6,1.08,28,5.03,425,76.3,38,6.82,300,53.86,257,46.14,0,0,0,0,86,15.36,560,100,8,1.43,8,1.43,18,12.9,20,64.52
2012-13,Northwest Educational Service District 189,31,Snohomish,31025,Marysville School District,11555,695,6.01,527,4.56,71,0.61,598,5.18,181,1.57,2177,18.84,6695,57.94,1209,10.46,5927,51.29,5628,48.71,0,0,753,6.59,1760,15.4,5430,47.52,181,1.58,31,0.27,20,11.8,357,62.09
2012-13,Educational Service District 113,14,Grays Harbor,14065,McCleary School District,313,10,3.19,0,0,0,0,0,0,2,0.64,13,4.15,281,89.78,7,2.24,160,51.12,153,48.88,0,0,0,0,50,16.34,159,51.96,5,1.63,0,0,15,11.6,9,42.86
2012-13,Educational Service District 101,32,Spokane,32354,Mead School District,9466,51,0.54,94,0.99,47,0.5,141,1.49,85,0.9,506,5.35,7976,84.26,707,7.47,4887,51.63,4579,48.37,0,0,210,2.19,1260,13.16,3025,31.6,129,1.35,31,0.32,18,13.9,425,79.59
2012-13,Educational Service District 101,32,Spokane,32326,Medical Lake School District,1884,8,0.42,25,1.33,14,0.74,39,2.07,40,2.12,180,9.55,1418,75.27,199,10.56,1007,53.45,877,46.55,0,0,6,0.32,271,14.54,684,36.7,28,1.5,1,0.05,18,11.7,75,72.82
2012-13,Puget Sound Educational Service District 121,17,King,17400,Mercer Island School District,4333,14,0.32,804,18.56,10,0.23,814,18.79,52,1.2,156,3.6,3098,71.5,199,4.59,2313,53.38,2020,46.62,0,0,103,2.36,464,10.64,176,4.04,400,9.18,0,0,19,11.2,168,72.73
2012-13,Northwest Educational Service District 189,37,Whatcom,37505,Meridian School District,2402,18,0.75,73,3.04,3,0.12,76,3.16,24,1,308,12.82,1897,78.98,79,3.29,1222,50.87,1180,49.13,27,1.16,113,4.84,219,9.38,593,25.41,31,1.33,0,0,27,11.5,51,56.67
2012-13,North Central Educational Service District 171,24,Okanogan,24350,Methow Valley School District,591,3,0.51,6,1.02,1,0.17,7,1.18,1,0.17,35,5.92,530,89.68,15,2.54,321,54.31,270,45.69,0,0,5,0.86,66,11.3,288,49.32,5,0.86,0,0,14,12.3,32,76.19
2012-13,Educational Service District 112,30,Skamania,30031,Mill A School District,30,4,13.33,0,0,1,3.33,1,3.33,0,0,3,10,22,73.33,0,0,11,36.67,19,63.33,0,0,0,0,2,6.67,15,50,0,0,0,0,15,7.5,2,100
2012-13,Northwest Educational Service District 189,31,Snohomish,31103,Monroe School District,6994,64,0.92,184,2.63,15,0.21,199,2.85,70,1,1162,16.61,5193,74.25,306,4.38,3449,49.31,3545,50.69,0,0,485,7.02,927,13.42,2058,29.79,183,2.65,2,0.03,21,12.5,248,75.38
2012-13,Educational Service District 113,14,Grays Harbor,14066,Montesano School District,1287,19,1.48,13,1.01,1,0.08,14,1.09,1,0.08,112,8.7,1023,79.49,118,9.17,676,52.53,611,47.47,0,0,12,0.94,175,13.66,488,38.1,40,3.12,18,1.41,19,12.9,51,73.91
2012-13,Educational Service District 113,21,Lewis,21214,Morton School District,311,2,0.64,2,0.64,0,0,2,0.64,3,0.96,30,9.65,259,83.28,15,4.82,172,55.31,139,44.69,0,0,0,0,55,17.74,180,58.06,4,1.29,0,0,16,12.2,10,50
2012-13,North Central Educational Service District 171,13,Grant,13161,Moses Lake School District,7989,60,0.75,76,0.95,2,0.03,78,0.98,122,1.53,3378,42.28,4163,52.11,188,2.35,4117,51.53,3872,48.47,311,3.94,693,8.77,1033,13.08,4865,61.6,95,1.2,0,0,19,13.3,311,73
2012-13,Educational Service District 113,21,Lewis,21206,Mossyrock School District,531,5,0.94,1,0.19,1,0.19,2,0.38,1,0.19,96,18.08,425,80.04,2,0.38,294,55.37,237,44.63,26,4.94,55,10.46,96,18.25,315,59.89,0,0,0,0,16,13.1,20,58.82
2012-13,Educational Service District 105,39,Yakima,39209,Mount Adams School District,962,515,53.53,0,0,1,0.1,1,0.1,0,0,338,35.14,45,4.68,63,6.55,510,53.01,452,46.99,0,0,141,14.31,158,16.04,974,98.88,58,5.89,0,0,15,11.3,36,55.38
2012-13,Northwest Educational Service District 189,37,Whatcom,37507,Mount Baker School District,1917,96,5.01,16,0.83,3,0.16,19,0.99,12,0.63,183,9.55,1506,78.56,101,5.27,999,52.11,918,47.89,0,0,102,5.4,352,18.62,1042,55.13,11,0.58,3,0.16,17,12.6,88,79.28
2012-13,Educational Service District 112,30,Skamania,30029,Mount Pleasant School District,49,0,0,1,2.04,0,0,1,2.04,0,0,1,2.04,47,95.92,0,0,24,48.98,25,51.02,0,0,0,0,2,4.26,1,2.13,0,0,0,0,12,12.6,3,75
2012-13,Northwest Educational Service District 189,29,Skagit,29320,Mount Vernon School District,6402,43,0.67,116,1.81,43,0.67,159,2.48,56,0.87,3480,54.36,2535,39.6,129,2.01,3247,50.72,3155,49.28,538,8.51,1542,24.39,880,13.92,4256,67.33,118,1.87,19,0.3,17,11.6,234,62.9
2012-13,Northwest Educational Service District 189,31,Snohomish,31006,Mukilteo School District,14887,86,0.58,2286,15.36,162,1.09,2448,16.44,769,5.17,3842,25.81,6655,44.7,1087,7.3,7783,52.28,7104,47.72,0,0,2506,16.89,1834,12.36,7531,50.75,330,2.22,0,0,19,12,504,63.4
2012-13,Educational Service District 105,39,Yakima,39003,Naches Valley School District,1407,7,0.5,7,0.5,0,0,7,0.5,4,0.28,256,18.19,1094,77.75,39,2.77,717,50.96,690,49.04,0,0,65,4.68,139,10,618,44.46,16,1.15,0,0,18,11.9,56,70.89
2012-13,Educational Service District 113,21,Lewis,21014,Napavine School District,785,11,1.4,8,1.02,0,0,8,1.02,8,1.02,65,8.28,669,85.22,24,3.06,395,50.32,390,49.68,0,0,16,2.04,98,12.48,384,48.92,0,0,0,0,17,14.3,32,71.11
2012-13,Educational Service District 112,25,Pacific,25155,Naselle-Grays River Valley School District,666,9,1.35,10,1.5,1,0.15,11,1.65,23,3.45,95,14.26,499,74.92,29,4.35,376,56.46,290,43.54,44,6.51,7,1.04,65,9.62,153,22.63,5,0.74,0,0,22,16.7,22,73.33
2012-13,North Central Educational Service District 171,24,Okanogan,24014,Nespelem School District,146,132,90.41,0,0,0,0,0,0,0,0,6,4.11,2,1.37,6,4.11,90,61.64,56,38.36,0,0,0,0,31,21.53,119,82.64,0,0,0,0,15,12.7,4,40
2012-13,Educational Service District 101,26,Pend Oreille,26056,Newport School District,1095,3,0.27,9,0.82,1,0.09,10,0.91,3,0.27,49,4.47,968,88.4,62,5.66,565,51.6,530,48.4,0,0,0,0,172,15.81,660,60.66,31,2.85,1,0.09,17,15,43,67.19
2012-13,Educational Service District 101,32,Spokane,32325,Nine Mile Falls School District,1550,32,2.06,5,0.32,3,0.19,8,0.52,10,0.65,50,3.23,1376,88.77,74,4.77,802,51.74,748,48.26,0,0,0,0,224,14.41,477,30.69,19,1.22,2,0.13,16,13.3,64,66.67
2012-13,Northwest Educational Service District 189,37,Whatcom,37506,Nooksack Valley School District,1615,64,3.96,13,0.8,2,0.12,15,0.93,7,0.43,502,31.08,949,58.76,78,4.83,821,50.84,794,49.16,89,5.63,192,12.14,322,20.35,848,53.6,63,3.98,26,1.64,17,12.7,61,65.59
2012-13,Educational Service District 113,14,Grays Harbor,14064,North Beach School District,682,81,11.88,12,1.76,2,0.29,14,2.05,17,2.49,48,7.04,486,71.26,36,5.28,377,55.28,305,44.72,0,0,0,0,104,15.81,474,72.04,29,4.41,17,2.58,18,12.8,16,42.11
2012-13,Educational Service District 123,11,Franklin,11051,North Franklin School District,2097,3,0.14,20,0.95,2,0.1,22,1.05,12,0.57,1434,68.38,600,28.61,26,1.24,1115,53.17,982,46.83,398,19.11,732,35.14,311,14.93,1578,75.76,21,1.01,1,0.05,17,11.9,69,57.5
2012-13,Olympic Educational Service District 114,18,Kitsap,18400,North Kitsap School District,6449,268,4.16,194,3.01,25,0.39,219,3.4,53,0.82,675,10.47,4558,70.68,676,10.48,3276,50.8,3173,49.2,0,0,173,2.71,975,15.3,2184,34.26,106,1.66,0,0,20,13.6,220,69.62
2012-13,Olympic Educational Service District 114,23,Mason,23403,North Mason School District,2129,16,0.75,21,0.99,11,0.52,32,1.5,22,1.03,306,14.37,1541,72.38,212,9.96,1094,51.39,1035,48.61,0,0,131,6.13,367,17.18,1051,49.2,59,2.76,0,0,17,14.3,87,70.16
2012-13,Educational Service District 113,25,Pacific,25200,North River School District,54,0,0,0,0,0,0,0,0,2,3.7,13,24.07,39,72.22,0,0,29,53.7,25,46.3,0,0,0,0,9,16.67,16,29.63,0,0,0,0,5,10.6,6,60
2012-13,Educational Service District 113,34,Thurston,34003,North Thurston Public Schools,14407,314,2.18,1127,7.82,267,1.85,1394,9.68,819,5.68,2415,16.76,7772,53.95,1693,11.75,7506,52.1,6901,47.9,0,0,609,4.22,1797,12.46,6126,42.48,400,2.77,0,0,18,12.9,553,70.54
2012-13,Educational Service District 101,33,Stevens,33211,Northport School District,295,3,1.02,4,1.36,0,0,4,1.36,1,0.34,22,7.46,258,87.46,7,2.37,159,53.9,136,46.1,0,0,0,0,22,7.56,146,50.17,4,1.37,0,0,16,12.9,10,52.63
2012-13,Puget Sound Educational Service District 121,17,King,17417,Northshore School District,20323,102,0.5,2697,13.27,74,0.36,2771,13.63,355,1.75,2435,11.98,13255,65.22,1405,6.91,10462,51.48,9861,48.52,0,0,1153,5.65,2766,13.56,3648,17.88,901,4.42,19,0.09,18,13.3,795,71.3
2012-13,Northwest Educational Service District 189,15,Island,15201,Oak Harbor School District,5611,61,1.09,578,10.3,47,0.84,625,11.14,337,6.01,662,11.8,3546,63.2,380,6.77,2957,52.7,2654,47.3,0,0,135,2.44,832,15.06,2231,40.37,102,1.85,0,0,20,12.2,186,67.64
2012-13,Educational Service District 101,38,Whitman,38324,Oakesdale School District,107,0,0,0,0,1,0.93,1,0.93,0,0,3,2.8,102,95.33,1,0.93,50,46.73,57,53.27,0,0,0,0,14,12.5,37,33.04,0,0,0,0,8,14,9,69.23
2012-13,Educational Service District 113,14,Grays Harbor,14400,Oakville School District,267,94,35.21,1,0.37,1,0.37,2,0.75,2,0.75,22,8.24,144,53.93,3,1.12,129,48.31,138,51.69,0,0,0,0,52,20.16,190,73.64,0,0,0,0,12,8.6,16,72.73
2012-13,Educational Service District 112,25,Pacific,25101,Ocean Beach School District,961,14,1.46,8,0.83,0,0,8,0.83,1,0.1,157,16.34,727,75.65,54,5.62,505,52.55,456,47.45,56,5.91,45,4.75,186,19.64,607,64.1,21,2.22,0,0,19,13.2,31,62
2012-13,Educational Service District 113,14,Grays Harbor,14172,Ocosta School District,665,36,5.41,7,1.05,0,0,7,1.05,3,0.45,114,17.14,444,66.77,61,9.17,338,50.83,327,49.17,77,11.92,50,7.74,126,19.5,438,67.8,6,0.93,0,0,15,11.9,29,64.44
2012-13,Educational Service District 101,22,Lincoln,22105,Odessa School District,202,3,1.49,0,0,0,0,0,0,1,0.5,16,7.92,179,88.61,3,1.49,113,55.94,89,44.06,0,0,0,0,26,12.94,82,40.8,11,5.47,0,0,11,17.6,15,83.33
2012-13,North Central Educational Service District 171,24,Okanogan,24105,Okanogan School District,1059,104,9.82,6,0.57,1,0.09,7,0.66,5,0.47,252,23.8,644,60.81,47,4.44,531,50.14,528,49.86,19,1.74,84,7.69,144,13.19,631,57.78,5,0.46,0,0,19,13.5,40,71.43
2012-13,Educational Service District 113,34,Thurston,34111,Olympia School District,9435,51,0.54,693,7.34,38,0.4,731,7.75,179,1.9,885,9.38,6769,71.74,820,8.69,4850,51.4,4585,48.6,6,0.06,201,2.13,1317,13.92,2717,28.73,192,2.03,17,0.18,19,13.3,373,73.14
2012-13,North Central Educational Service District 171,24,Okanogan,24019,Omak School District,4666,524,11.23,133,2.85,13,0.28,146,3.13,133,2.85,648,13.89,2940,63.01,275,5.89,2350,50.36,2316,49.64,14,0.29,99,2.07,602,12.58,1934,40.43,14,0.29,0,0,27,10.7,115,66.09
2012-13,Educational Service District 113,21,Lewis,21300,Onalaska School District,782,9,1.15,7,0.9,4,0.51,11,1.41,0,0,80,10.23,665,85.04,17,2.17,396,50.64,386,49.36,0,0,23,3.09,95,12.77,420,56.45,0,0,0,0,17,11.9,33,71.74
2012-13,Educational Service District 101,33,Stevens,33030,Onion Creek School District,34,0,0,1,2.94,0,0,1,2.94,0,0,1,2.94,30,88.24,2,5.88,16,47.06,18,52.94,0,0,0,0,9,22.5,30,75,0,0,0,0,7,12.4,3,60
2012-13,Northwest Educational Service District 189,28,San Juan,28137,Orcas Island School District,850,5,0.59,30,3.53,5,0.59,35,4.12,15,1.76,43,5.06,735,86.47,17,2,416,48.94,434,51.06,0,0,22,2.67,71,8.61,191,23.15,10,1.21,0,0,16,10.8,31,57.41
2012-13,Educational Service District 101,32,Spokane,32123,Orchard Prairie School District,84,0,0,0,0,0,0,0,0,1,1.19,4,4.76,79,94.05,0,0,42,50,42,50,0,0,0,0,0,0,0,0,0,0,1,1.22,14,13,4,66.67
2012-13,Educational Service District 101,10,Ferry,10065,Orient School District,203,5,2.46,2,0.99,1,0.49,3,1.48,12,5.91,13,6.4,166,81.77,4,1.97,94,46.31,109,53.69,0,0,0,0,18,9.84,24,13.11,1,0.55,0,0,34,12,6,100
2012-13,North Central Educational Service District 171,09,Douglas,09013,Orondo School District,193,0,0,0,0,0,0,0,0,0,0,166,86.01,27,13.99,0,0,93,48.19,100,51.81,49,27.07,105,58.01,26,14.36,159,87.85,0,0,0,0,14,10.9,12,85.71
2012-13,North Central Educational Service District 171,24,Okanogan,24410,Oroville School District,627,15,2.39,6,0.96,3,0.48,9,1.44,1,0.16,232,37,361,57.58,9,1.44,322,51.36,305,48.64,0,0,97,15.88,100,16.37,430,70.38,7,1.15,0,0,15,14.7,22,53.66
2012-13,Puget Sound Educational Service District 121,27,Pierce,27344,Orting School District,2394,10,0.42,24,1,11,0.46,35,1.46,19,0.79,290,12.11,1864,77.86,176,7.35,1227,51.25,1167,48.75,0,0,37,1.54,332,13.79,917,38.08,63,2.62,3,0.12,22,11,68,62.39
2012-13,Educational Service District 123,01,Adams,01147,Othello School District,3879,3,0.08,10,0.26,0,0,10,0.26,3,0.08,3366,86.77,477,12.3,20,0.52,2009,51.79,1870,48.21,433,11.28,1420,37,450,11.72,3071,80.02,58,1.51,0,0,19,9.1,117,57.35
2012-13,North Central Educational Service District 171,09,Douglas,09102,Palisades School District,18,0,0,0,0,0,0,0,0,0,0,15,83.33,3,16.67,0,0,9,50,9,50,0,0,9,45,3,15,17,85,0,0,0,0,9,3.4,1,50
2012-13,Educational Service District 101,38,Whitman,38301,Palouse School District,187,1,0.53,0,0,0,0,0,0,0,0,20,10.7,156,83.42,10,5.35,103,55.08,84,44.92,0,0,0,0,37,19.37,66,34.55,4,2.09,1,0.52,12,19.7,11,68.75
2012-13,Educational Service District 123,11,Franklin,11001,Pasco School District,16066,24,0.15,193,1.2,31,0.19,224,1.39,309,1.92,11017,68.57,4186,26.06,306,1.9,8217,51.15,7849,48.85,1231,7.65,5579,34.65,2048,12.72,11852,73.62,173,1.07,9,0.06,16,10.7,655,65.5
2012-13,North Central Educational Service District 171,24,Okanogan,24122,Pateros School District,282,1,0.35,1,0.35,0,0,1,0.35,0,0,156,55.32,108,38.3,16,5.67,140,49.65,142,50.35,24,8.57,40,14.29,36,12.86,204,72.86,0,0,0,0,13,15.1,16,72.73
2012-13,Educational Service District 123,03,Benton,03050,Paterson School District,111,0,0,0,0,0,0,0,0,0,0,56,50.45,55,49.55,0,0,57,51.35,54,48.65,34,30.91,36,32.73,14,12.73,107,97.27,0,0,0,0,11,16.5,7,70
2012-13,Educational Service District 113,21,Lewis,21301,Pe Ell School District,282,3,1.06,0,0,0,0,0,0,2,0.71,11,3.9,254,90.07,12,4.26,146,51.77,136,48.23,0,0,0,0,44,15.77,184,65.95,0,0,0,0,15,12.3,17,89.47
2012-13,Puget Sound Educational Service District 121,27,Pierce,27401,Peninsula School District,9149,47,0.51,163,1.78,31,0.34,194,2.12,68,0.74,558,6.1,7535,82.36,747,8.16,4682,51.17,4467,48.83,0,0,75,0.82,1071,11.66,2324,25.3,123,1.34,38,0.41,19,14.3,355,72.3
2012-13,Educational Service District 113,23,Mason,23402,Pioneer School District,716,15,2.09,0,0,0,0,0,0,6,0.84,69,9.64,576,80.45,50,6.98,381,53.21,335,46.79,0,0,0,0,186,25.34,465,63.35,8,1.09,2,0.27,16,15.1,27,61.36
2012-13,Educational Service District 123,12,Garfield,12110,Pomeroy School District,324,2,0.62,4,1.23,0,0,4,1.23,0,0,23,7.1,287,88.58,8,2.47,162,50,162,50,0,0,3,0.88,60,17.65,175,51.47,4,1.18,2,0.59,15,17.2,17,77.27
2012-13,Olympic Educational Service District 114,05,Clallam,05121,Port Angeles School District,3764,172,4.57,49,1.3,6,0.16,55,1.46,38,1.01,254,6.75,2840,75.45,405,10.76,1936,51.43,1828,48.57,0,0,33,0.88,512,13.72,1971,52.81,100,2.68,16,0.43,17,15.1,153,70.83
2012-13,Olympic Educational Service District 114,16,Jefferson,16050,Port Townsend School District,1284,12,0.93,36,2.8,7,0.55,43,3.35,24,1.87,80,6.23,1068,83.18,57,4.44,642,50,642,50,0,0,10,0.78,195,15.28,567,44.44,22,1.72,6,0.47,16,14.7,57,72.15
2012-13,Educational Service District 123,36,Walla Walla,36402,Prescott School District,367,2,0.54,0,0,0,0,0,0,12,3.27,271,73.84,82,22.34,0,0,218,59.4,149,40.6,0,0,100,29.07,28,8.14,250,72.67,0,0,0,0,18,10.4,10,50
2012-13,Educational Service District 123,03,Benton,03116,Prosser School District,2861,6,0.21,30,1.05,2,0.07,32,1.12,15,0.52,1673,58.48,1087,37.99,48,1.68,1466,51.24,1395,48.76,641,22.6,585,20.63,398,14.03,1805,63.65,35,1.23,0,0,17,15.1,114,69.09
2012-13,Educational Service District 101,38,Whitman,38267,Pullman School District,2558,16,0.63,243,9.5,4,0.16,247,9.66,61,2.38,256,10.01,1820,71.15,158,6.18,1343,52.5,1215,47.5,0,0,120,4.71,302,11.85,749,29.38,87,3.41,9,0.35,19,11.4,94,70.15
2012-13,Puget Sound Educational Service District 121,27,Pierce,27003,Puyallup School District,20853,403,1.93,958,4.59,255,1.22,1213,5.82,803,3.85,2761,13.24,13465,64.57,2208,10.59,10737,51.49,10116,48.51,0,0,712,3.41,2634,12.6,8140,38.95,980,4.69,99,0.47,20,12.7,722,70.58
2012-13,Olympic Educational Service District 114,16,Jefferson,16020,Queets-Clearwater School District,23,20,86.96,0,0,0,0,0,0,0,0,1,4.35,2,8.7,0,0,10,43.48,13,56.52,0,0,0,0,4,21.05,15,78.95,0,0,3,15.79,6,12.9,1,25
2012-13,Olympic Educational Service District 114,16,Jefferson,16048,Quilcene School District,464,2,0.43,11,2.37,1,0.22,12,2.59,1,0.22,20,4.31,407,87.72,22,4.74,242,52.16,222,47.84,0,0,0,0,31,6.46,102,21.25,3,0.63,0,0,19,11.8,17,68
2012-13,Olympic Educational Service District 114,05,Clallam,05402,Quillayute Valley School District,3168,169,5.33,70,2.21,27,0.85,97,3.06,105,3.31,541,17.08,2061,65.06,194,6.12,1449,45.74,1719,54.26,52,1.58,90,2.74,239,7.28,666,20.3,18,0.55,9,0.27,41,12,43,55.13
2012-13,North Central Educational Service District 171,13,Grant,13144,Quincy School District,2721,2,0.07,6,0.22,0,0,6,0.22,3,0.11,2337,85.89,364,13.38,9,0.33,1402,51.53,1319,48.47,441,16.24,998,36.75,293,10.79,2257,83.1,50,1.84,0,0,16,9.9,111,63.43
2012-13,Educational Service District 113,34,Thurston,34307,Rainier School District,810,12,1.48,8,0.99,0,0,8,0.99,11,1.36,69,8.52,661,81.6,49,6.05,418,51.6,392,48.4,0,0,3,0.36,95,11.42,443,53.25,26,3.13,0,0,18,12.9,34,75.56
2012-13,Educational Service District 113,25,Pacific,25116,Raymond School District,742,19,2.56,44,5.93,1,0.13,45,6.06,10,1.35,127,17.12,523,70.49,18,2.43,368,49.6,374,50.4,0,0,62,8.99,84,12.17,394,57.1,0,0,5,0.72,18,13.7,22,52.38
2012-13,Educational Service District 101,22,Lincoln,22009,Reardan-Edwall School District,611,31,5.07,1,0.16,0,0,1,0.16,2,0.33,22,3.6,525,85.92,30,4.91,306,50.08,305,49.92,0,0,27,4.42,70,11.46,264,43.21,41,6.71,0,0,18,11.4,21,61.76
2012-13,Puget Sound Educational Service District 121,17,King,17403,Renton School District,14970,123,0.82,3709,24.78,117,0.78,3826,25.56,2738,18.29,3045,20.34,4445,29.69,793,5.3,7748,51.76,7222,48.24,0,0,2214,14.86,2151,14.43,8130,54.56,272,1.83,0,0,19,11.2,554,69.08
2012-13,Educational Service District 101,10,Ferry,10309,Republic School District,332,7,2.11,7,2.11,0,0,7,2.11,0,0,17,5.12,269,81.02,32,9.64,172,51.81,160,48.19,0,0,0,0,40,11.66,206,60.06,27,7.87,0,0,13,10.2,15,60
2012-13,Educational Service District 123,03,Benton,03400,Richland School District,11887,100,0.84,467,3.93,26,0.22,493,4.15,267,2.25,1495,12.58,9234,77.68,298,2.51,6107,51.38,5780,48.62,0,0,340,2.86,1294,10.89,3973,33.45,68,0.57,27,0.23,22,12,381,69.02
2012-13,Educational Service District 112,06,Clark,06122,Ridgefield School District,2162,7,0.32,42,1.94,8,0.37,50,2.31,22,1.02,193,8.93,1801,83.3,89,4.12,1069,49.44,1093,50.56,0,0,57,2.64,254,11.74,684,31.62,47,2.17,11,0.51,20,12.4,86,81.13
2012-13,Educational Service District 101,01,Adams,01160,Ritzville School District,344,7,2.03,5,1.45,2,0.58,7,2.03,4,1.16,28,8.14,298,86.63,0,0,181,52.62,163,47.38,0,0,0,0,38,11.01,138,40,9,2.61,0,0,16,13,17,77.27
2012-13,Educational Service District 101,32,Spokane,32416,Riverside School District,1503,46,3.06,7,0.47,3,0.2,10,0.67,9,0.6,34,2.26,1392,92.61,12,0.8,805,53.56,698,46.44,0,0,14,0.92,265,17.49,814,53.73,16,1.06,2,0.13,18,14.7,61,74.39
2012-13,Puget Sound Educational Service District 121,17,King,17407,Riverview School District,3305,31,0.94,92,2.78,9,0.27,101,3.06,28,0.85,351,10.62,2674,80.91,120,3.63,1630,49.32,1675,50.68,0,0,78,2.36,333,10.05,610,18.42,77,2.32,10,0.3,20,12.2,106,64.63
2012-13,Educational Service District 113,34,Thurston,34401,Rochester School District,2244,55,2.45,12,0.53,2,0.09,14,0.62,15,0.67,411,18.32,1601,71.35,148,6.6,1173,52.27,1071,47.73,0,0,110,4.93,337,15.11,1215,54.46,66,2.96,20,0.9,20,11.7,84,75
2012-13,Educational Service District 112,20,Klickitat,20403,Roosevelt School District,31,0,0,0,0,0,0,0,0,0,0,29,93.55,2,6.45,0,0,14,45.16,17,54.84,11,37.93,7,24.14,1,3.45,0,0,0,0,0,0,16,15.7,2,100
2012-13,Educational Service District 101,38,Whitman,38320,Rosalia School District,200,6,3,2,1,0,0,2,1,0,0,10,5,177,88.5,5,2.5,106,53,94,47,0,0,0,0,20,9.85,131,64.53,1,0.49,0,0,10,14.6,19,95
2012-13,Educational Service District 105,13,Grant,13160,Royal School District,1581,1,0.06,7,0.44,0,0,7,0.44,2,0.13,1278,80.83,290,18.34,3,0.19,814,51.49,767,48.51,116,7.53,670,43.48,175,11.36,1541,100,89,5.78,0,0,20,12.2,50,63.29
2012-13,Northwest Educational Service District 189,28,San Juan,28149,San Juan Island School District,851,5,0.59,13,1.53,0,0,13,1.53,4,0.47,128,15.04,661,77.67,40,4.7,426,50.06,425,49.94,0,0,42,4.92,117,13.7,360,42.15,2,0.23,0,0,15,11.5,41,73.21
2012-13,Educational Service District 113,14,Grays Harbor,14104,Satsop School District,67,0,0,0,0,0,0,0,0,0,0,9,13.43,54,80.6,4,5.97,34,50.75,33,49.25,0,0,0,0,17,28.33,39,65,1,1.67,0,0,13,14.8,3,60
2012-13,Puget Sound Educational Service District 121,17,King,17001,Seattle Public Schools,50648,508,1,8882,17.54,274,0.54,9156,18.08,8962,17.69,6405,12.65,22272,43.97,3345,6.6,26058,51.45,24590,48.55,218,0.43,3812,7.53,7434,14.69,21065,41.62,854,1.69,127,0.25,17,10.8,1975,67.71
2012-13,Northwest Educational Service District 189,,,29101,Sedro-Woolley School District,4265,98,2.3,41,0.96,4,0.09,45,1.06,43,1.01,779,18.26,3155,73.97,145,3.4,2207,51.75,2058,48.25,107,2.54,234,5.56,641,15.23,2260,53.71,63,1.5,53,1.26,18,12.3,173,73
2012-13,Educational Service District 105,39,Yakima,39119,Selah School District,3426,22,0.64,12,0.35,4,0.12,16,0.47,11,0.32,863,25.19,2430,70.93,84,2.45,1766,51.55,1660,48.45,0,0,210,6.07,513,14.83,1637,47.33,25,0.72,0,0,18,12.6,127,67.55
2012-13,Educational Service District 101,26,Pend Oreille,26070,Selkirk School District,242,1,0.41,3,1.24,0,0,3,1.24,2,0.83,23,9.5,204,84.3,9,3.72,125,51.65,117,48.35,0,0,0,0,34,14.59,122,52.36,0,0,0,0,12,15.4,15,75
2012-13,Olympic Educational Service District 114,05,Clallam,05323,Sequim School District,2899,64,2.21,51,1.76,2,0.07,53,1.83,19,0.66,296,10.21,2244,77.41,223,7.69,1469,50.67,1430,49.33,0,0,38,1.33,394,13.83,1357,47.65,33,1.16,0,0,19,12.4,95,61.29
2012-13,Northwest Educational Service District 189,28,San Juan,28010,Shaw Island School District,22,0,0,1,4.55,0,0,1,4.55,0,0,0,0,21,95.45,0,0,9,40.91,13,59.09,0,0,0,0,1,4.35,0,0,0,0,0,0,11,2,1,50
2012-13,Educational Service District 113,,,23309,Shelton School District,4167,164,3.94,25,0.6,14,0.34,39,0.94,28,0.67,969,23.25,2718,65.23,249,5.98,2168,52.03,1999,47.97,0,0,359,8.69,691,16.73,2739,66.3,72,1.74,8,0.19,15,13.1,168,62.22
2012-13,Puget Sound Educational Service District 121,17,King,17412,Shoreline School District,8837,46,0.52,1303,14.74,33,0.37,1336,15.12,576,6.52,1014,11.47,4914,55.61,951,10.76,4588,51.92,4249,48.08,0,0,620,7,1101,12.44,2495,28.18,550,6.21,31,0.35,18,13.2,338,70.56
2012-13,Educational Service District 112,30,Skamania,30002,Skamania School District,75,0,0,0,0,0,0,0,0,0,0,5,6.67,69,92,1,1.33,34,45.33,41,54.67,0,0,0,0,10,11.63,50,58.14,0,0,2,2.33,15,14.1,3,60
2012-13,Puget Sound Educational Service District 121,17,King,17404,Skykomish School District,36,0,0,0,0,0,0,0,0,0,0,7,19.44,29,80.56,0,0,17,47.22,19,52.78,0,0,0,0,8,21.62,31,83.78,0,0,0,0,3,14.4,8,72.73
2012-13,Northwest Educational Service District 189,31,Snohomish,31201,Snohomish School District,10008,65,0.65,406,4.06,12,0.12,418,4.18,125,1.25,891,8.9,7968,79.62,541,5.41,5149,51.45,4859,48.55,0,0,264,2.63,1432,14.25,2227,22.16,181,1.8,0,0,21,12.3,325,66.74
2012-13,Puget Sound Educational Service District 121,17,King,17410,Snoqualmie Valley School District,6358,35,0.55,285,4.48,14,0.22,299,4.7,54,0.85,347,5.46,5429,85.39,194,3.05,3310,52.06,3048,47.94,0,0,126,1.98,689,10.85,832,13.1,192,3.02,0,0,19,12.9,231,68.34
2012-13,North Central Educational Service District 171,13,Grant,13156,Soap Lake School District,396,3,0.76,2,0.51,0,0,2,0.51,3,0.76,121,30.56,266,67.17,1,0.25,200,50.51,196,49.49,0,0,63,15.87,58,14.61,397,100,1,0.25,0,0,10,8.6,22,57.89
2012-13,Educational Service District 113,25,Pacific,25118,South Bend School District,542,21,3.87,19,3.51,1,0.18,20,3.69,1,0.18,182,33.58,230,42.44,88,16.24,274,50.55,268,49.45,0,0,91,17.4,82,15.68,332,63.48,1,0.19,1,0.19,14,13,24,63.16
2012-13,Olympic Educational Service District 114,18,Kitsap,18402,South Kitsap School District,9559,106,1.11,293,3.07,140,1.46,433,4.53,139,1.45,992,10.38,6838,71.53,1050,10.98,5014,52.45,4545,47.55,0,0,70,0.73,1404,14.73,3834,40.21,173,1.81,0,0,18,12.9,375,69.83
2012-13,Northwest Educational Service District 189,15,Island,15206,South Whidbey School District,1512,11,0.73,47,3.11,3,0.2,50,3.31,23,1.52,75,4.96,1315,86.97,38,2.51,749,49.54,763,50.46,0,0,11,0.72,225,14.74,440,28.83,24,1.57,0,0,18,15.7,57,67.86
2012-13,Educational Service District 113,23,Mason,23042,Southside School District,197,2,1.02,4,2.03,0,0,4,2.03,0,0,16,8.12,152,77.16,23,11.68,112,56.85,85,43.15,0,0,4,1.97,22,10.84,85,41.87,3,1.48,0,0,18,9.8,5,45.45
2012-13,Educational Service District 101,,,32081,Spokane School District,28753,559,1.94,728,2.53,418,1.45,1146,3.99,805,2.8,2600,9.04,20408,70.98,3235,11.25,14716,51.18,14037,48.82,0,0,1370,4.81,590,2.07,16833,59.11,576,2.02,103,0.36,17,12.5,1262,74.28
2012-13,Educational Service District 101,,,22008,Sprague School District,81,0,0,0,0,0,0,0,0,1,1.23,3,3.7,73,90.12,4,4.94,36,44.44,45,55.56,0,0,0,0,11,14.67,37,49.33,3,4,0,0,7,11.4,7,58.33
2012-13,Educational Service District 101,38,Whitman,38322,St. John School District,166,0,0,7,4.22,1,0.6,8,4.82,1,0.6,8,4.82,143,86.14,6,3.61,85,51.2,81,48.8,0,0,0,0,20,12.58,53,33.33,0,0,0,0,12,17.3,7,50
2012-13,Northwest Educational Service District 189,31,Snohomish,31401,Stanwood-Camano School District,4700,35,0.74,52,1.11,12,0.26,64,1.36,51,1.09,365,7.77,3991,84.91,194,4.13,2409,51.26,2291,48.74,0,0,87,1.88,660,14.29,1321,28.61,122,2.64,8,0.17,19,11.9,208,85.25
2012-13,Educational Service District 123,11,Franklin,11054,Star School District,9,0,0,0,0,0,0,0,0,0,0,1,11.11,8,88.89,0,0,3,33.33,6,66.67,0,0,0,0,0,0,0,0,0,0,0,0,5,20.4,0,
2012-13,Educational Service District 123,07,Columbia,07035,Starbuck School District,28,0,0,0,0,0,0,0,0,0,0,1,3.57,27,96.43,0,0,19,67.86,9,32.14,0,0,0,0,2,7.41,0,0,0,0,0,0,9,7.1,2,66.67
2012-13,North Central Educational Service District 171,04,Chelan,04069,Stehekin School District,13,0,0,0,0,0,0,0,0,0,0,0,0,13,100,0,0,7,53.85,6,46.15,0,0,0,0,0,0,0,0,0,0,0,0,13,32,1,100
2012-13,Puget Sound Educational Service District 121,27,Pierce,27001,Steilacoom Hist. School District,3116,19,0.61,248,7.96,71,2.28,319,10.24,230,7.38,438,14.06,1719,55.17,391,12.55,1592,51.09,1524,48.91,0,0,32,1.03,364,11.7,691,22.22,44,1.41,0,0,20,10.7,112,70.89
2012-13,Educational Service District 101,38,Whitman,38304,Steptoe School District,33,2,6.06,0,0,0,0,0,0,0,0,0,0,31,93.94,0,0,20,60.61,13,39.39,0,0,0,0,5,15.15,0,0,0,0,0,0,8,10.6,2,50
2012-13,Educational Service District 112,30,Skamania,30303,Stevenson-Carson School District,1045,24,2.3,7,0.67,1,0.1,8,0.77,12,1.15,125,11.96,815,77.99,61,5.84,536,51.29,509,48.71,0,0,27,2.61,160,15.47,525,50.77,26,2.51,9,0.87,19,14.6,45,83.33
2012-13,Northwest Educational Service District 189,31,Snohomish,31311,Sultan School District,2082,29,1.39,27,1.3,1,0.05,28,1.34,13,0.62,305,14.65,1679,80.64,28,1.34,1077,51.73,1005,48.27,0,0,127,6.24,317,15.57,994,48.82,31,1.52,11,0.54,20,12.9,69,66.99
2012-13,Educational Service District 101,33,Stevens,33202,Summit Valley School District,77,0,0,1,1.3,0,0,1,1.3,0,0,0,0,74,96.1,2,2.6,46,59.74,31,40.26,0,0,0,0,11,14.29,59,76.62,0,0,0,0,11,9.3,2,28.57
2012-13,Puget Sound Educational Service District 121,,,27320,Sumner School District,8517,92,1.08,171,2.01,43,0.5,214,2.51,92,1.08,1019,11.96,6492,76.22,608,7.14,4347,51.04,4170,48.96,0,0,282,3.33,1183,13.99,2994,35.39,257,3.04,29,0.34,20,12,285,67.7
2012-13,Educational Service District 105,39,Yakima,39201,Sunnyside School District,6527,0,0,0,0,0,0,0,0,7,0.11,5977,91.57,493,7.55,50,0.77,3368,51.6,3159,48.4,1116,17.19,2082,32.07,855,13.17,5263,81.06,34,0.52,10,0.15,18,10.9,223,60.6
2012-13,Puget Sound Educational Service District 121,27,Pierce,27010,Tacoma School District,29035,426,1.47,2983,10.27,638,2.2,3621,12.47,6282,21.64,4805,16.55,13362,46.02,539,1.86,14836,51.1,14199,48.9,0,0,2525,8.79,3273,11.39,18151,63.17,328,1.14,89,0.31,18,12.9,972,60.04
2012-13,Educational Service District 113,14,Grays Harbor,14077,Taholah School District,212,140,66.04,0,0,0,0,0,0,0,0,29,13.68,2,0.94,41,19.34,113,53.3,99,46.7,0,0,0,0,44,21.26,161,77.78,1,0.48,0,0,10,10.3,12,54.55
2012-13,Puget Sound Educational Service District 121,17,King,17409,Tahoma School District,7756,38,0.49,291,3.75,38,0.49,329,4.24,148,1.91,651,8.39,6014,77.54,576,7.43,3977,51.28,3779,48.72,0,0,139,1.8,876,11.33,1200,15.52,272,3.52,1,0.01,20,11.7,278,71.1
2012-13,Educational Service District 101,38,Whitman,38265,Tekoa School District,181,22,12.15,1,0.55,0,0,1,0.55,0,0,14,7.73,144,79.56,0,0,87,48.07,94,51.93,0,0,0,0,36,19.67,110,60.11,0,0,1,0.55,10,14,10,52.63
2012-13,Educational Service District 113,34,Thurston,34402,Tenino School District,1213,12,0.99,4,0.33,2,0.16,6,0.49,16,1.32,67,5.52,1090,89.86,22,1.81,660,54.41,553,45.59,0,0,11,0.91,194,16.03,583,48.18,21,1.74,0,0,19,15.1,44,69.84
2012-13,Educational Service District 105,19,Kittitas,19400,Thorp School District,134,2,1.49,1,0.75,0,0,1,0.75,5,3.73,11,8.21,113,84.33,2,1.49,62,46.27,72,53.73,0,0,0,0,20,16.39,57,46.72,0,0,0,0,9,14.6,10,66.67
2012-13,Educational Service District 113,21,Lewis,21237,Toledo School District,819,8,0.98,8,0.98,3,0.37,11,1.34,7,0.85,86,10.5,660,80.59,47,5.74,426,52.01,393,47.99,0,0,19,2.38,150,18.75,426,53.25,13,1.63,0,0,20,13,38,92.68
2012-13,North Central Educational Service District 171,24,Okanogan,24404,Tonasket School District,1111,8,0.72,4,0.36,0,0,4,0.36,10,0.9,410,36.9,641,57.7,38,3.42,571,51.4,540,48.6,99,9.09,161,14.78,132,12.12,687,63.09,1,0.09,0,0,15,12,45,62.5
2012-13,Educational Service District 105,39,Yakima,39202,Toppenish School District,3737,457,12.23,2,0.05,0,0,2,0.05,2,0.05,2974,79.58,262,7.01,40,1.07,1904,50.95,1833,49.05,658,17.15,1068,27.84,521,13.58,3670,95.67,34,0.89,22,0.57,20,10.6,102,54.26
2012-13,Educational Service District 123,36,Walla Walla,36300,Touchet School District,252,4,1.59,0,0,0,0,0,0,1,0.4,98,38.89,139,55.16,10,3.97,136,53.97,116,46.03,0,0,25,10.29,26,10.7,140,57.61,1,0.41,0,0,13,14.8,12,60
2012-13,Educational Service District 112,08,Cowlitz,08130,Toutle Lake School District,610,15,2.46,14,2.3,0,0,14,2.3,8,1.31,44,7.21,517,84.75,12,1.97,323,52.95,287,47.05,0,0,0,0,81,13.52,236,39.4,13,2.17,1,0.17,19,17.4,21,65.63
2012-13,Educational Service District 112,20,Klickitat,20400,Trout Lake School District,207,3,1.45,4,1.93,0,0,4,1.93,0,0,30,14.49,160,77.29,10,4.83,103,49.76,104,50.24,0,0,0,0,38,17.51,0,0,0,0,0,0,15,14.4,9,64.29
2012-13,Puget Sound Educational Service District 121,17,King,17406,Tukwila School District,2950,21,0.71,834,28.27,108,3.66,942,31.93,576,19.53,778,26.37,453,15.36,180,6.1,1527,51.76,1423,48.24,0,0,1144,38.64,273,9.22,2297,77.58,19,0.64,0,0,17,8.8,121,70.35
2012-13,Educational Service District 113,34,Thurston,34033,Tumwater School District,6280,52,0.83,168,2.68,28,0.45,196,3.12,112,1.78,627,9.98,4808,76.56,485,7.72,3258,51.88,3022,48.12,0,0,89,1.4,873,13.78,2081,32.85,69,1.09,1,0.02,18,12.8,228,64.04
2012-13,Educational Service District 105,39,Yakima,39002,Union Gap School District,609,10,1.64,2,0.33,0,0,2,0.33,0,0,466,76.52,115,18.88,16,2.63,307,50.41,302,49.59,48,8.01,164,27.38,74,12.35,475,79.3,0,0,0,0,16,14.6,20,54.05
2012-13,Puget Sound Educational Service District 121,27,Pierce,27083,University Place School District,5669,29,0.51,539,9.51,46,0.81,585,10.32,530,9.35,680,12,2999,52.9,846,14.92,2880,50.8,2789,49.2,0,0,170,3.02,745,13.22,2123,37.67,152,2.7,6,0.11,19,13.3,198,65.78
2012-13,Educational Service District 101,33,Stevens,33070,Valley School District,1007,7,0.7,10,0.99,6,0.6,16,1.59,14,1.39,65,6.45,862,85.6,43,4.27,545,54.12,462,45.88,0,0,0,0,121,11.6,205,19.65,0,0,0,0,28,6.1,24,66.67
2012-13,Educational Service District 112,06,Clark,06037,Vancouver School District,22879,159,0.69,814,3.56,439,1.92,1253,5.48,749,3.27,4754,20.78,14609,63.85,1355,5.92,11746,51.34,11133,48.66,0,0,2400,10.58,2917,12.86,12028,53.04,347,1.53,0,0,20,11.1,853,74.56
2012-13,Puget Sound Educational Service District 121,17,King,17402,Vashon Island School District,1525,13,0.85,44,2.89,1,0.07,45,2.95,18,1.18,137,8.98,1203,78.89,109,7.15,818,53.64,707,46.36,0,0,36,2.38,201,13.27,321,21.19,51,3.37,0,0,17,12.4,55,60.44
2012-13,Educational Service District 112,35,Wahkiakum,35200,Wahkiakum School District,439,1,0.23,1,0.23,2,0.46,3,0.68,4,0.91,33,7.52,389,88.61,9,2.05,213,48.52,226,51.48,0,0,14,3.23,92,21.25,237,54.73,16,3.7,10,2.31,18,12.4,18,75
2012-13,Educational Service District 105,13,Grant,13073,Wahluke School District,2192,14,0.64,0,0,0,0,0,0,0,0,2089,95.3,83,3.79,6,0.27,1085,49.5,1107,50.5,434,20.61,1221,57.98,267,12.68,2084,98.96,22,1.04,0,0,16,7.8,69,51.88
2012-13,Educational Service District 123,36,Walla Walla,36401,Waitsburg School District,301,0,0,2,0.66,0,0,2,0.66,1,0.33,21,6.98,263,87.38,14,4.65,162,53.82,139,46.18,0,0,0,0,44,14.86,124,41.89,0,0,2,0.68,14,16.5,14,66.67
2012-13,Educational Service District 123,36,Walla Walla,36140,Walla Walla Public Schools,6332,22,0.35,98,1.55,10,0.16,108,1.71,49,0.77,2341,36.97,3626,57.26,186,2.94,3175,50.14,3157,49.86,0,0,784,12.37,806,12.72,3344,52.77,100,1.58,1,0.02,18,13.5,262,74.64
2012-13,Educational Service District 105,39,Yakima,39207,Wapato School District,3454,708,20.5,49,1.42,1,0.03,50,1.45,3,0.09,2465,71.37,118,3.42,110,3.18,1759,50.93,1695,49.07,895,26.12,862,25.16,427,12.46,3292,96.09,10,0.29,0,0,19,9.3,96,52.17
2012-13,North Central Educational Service District 171,13,Grant,13146,Warden School District,986,0,0,3,0.3,0,0,3,0.3,0,0,787,79.82,182,18.46,14,1.42,492,49.9,494,50.1,230,24.13,338,35.47,135,14.17,781,81.95,18,1.89,0,0,18,9.1,32,57.14
2012-13,Educational Service District 112,,,06112,Washougal School District,3077,28,0.91,47,1.53,5,0.16,52,1.69,25,0.81,262,8.51,2528,82.16,182,5.91,1591,51.71,1486,48.29,0,0,69,2.23,459,14.8,1250,40.31,50,1.61,10,0.32,17,12.1,121,68.75
2012-13,Educational Service District 101,01,Adams,01109,Washtucna School District,73,0,0,0,0,0,0,0,0,1,1.37,8,10.96,63,86.3,1,1.37,44,60.27,29,39.73,0,0,0,0,12,16.9,30,42.25,0,0,0,0,6,11.3,8,61.54
2012-13,North Central Educational Service District 171,,,09209,Waterville School District,283,4,1.41,2,0.71,0,0,2,0.71,0,0,60,21.2,208,73.5,9,3.18,153,54.06,130,45.94,0,0,14,5,54,19.29,167,59.64,0,0,0,0,13,13,14,66.67
2012-13,Educational Service District 101,33,Stevens,33049,Wellpinit School District,520,350,67.31,1,0.19,0,0,1,0.19,17,3.27,50,9.62,72,13.85,30,5.77,294,56.54,226,43.46,0,0,0,0,54,10.67,333,65.81,3,0.59,0,0,14,10.5,24,66.67
2012-13,North Central Educational Service District 171,04,Chelan,04246,Wenatchee School District,7804,39,0.5,65,0.83,5,0.06,70,0.9,42,0.54,3634,46.57,3827,49.04,192,2.46,3993,51.17,3811,48.83,1571,20.11,1558,19.95,892,11.42,4592,58.79,100,1.28,9,0.12,17,11.9,286,62.86
2012-13,Educational Service District 101,32,Spokane,32363,West Valley School District (Spokane),3821,37,0.97,59,1.54,16,0.42,75,1.96,62,1.62,295,7.72,3067,80.27,285,7.46,1982,51.87,1839,48.13,0,0,96,2.5,567,14.78,2012,52.45,58,1.51,0,0,19,13.9,136,66.67
2012-13,Educational Service District 105,39,Yakima,39208,West Valley School District (Yakima),4939,51,1.03,135,2.73,0,0,135,2.73,49,0.99,1198,24.26,3385,68.54,121,2.45,2573,52.1,2366,47.9,79,1.6,336,6.82,641,13,2131,43.23,61,1.24,5,0.1,20,12.9,162,65.59
2012-13,Educational Service District 113,21,Lewis,21303,White Pass School District,400,7,1.75,1,0.25,0,0,1,0.25,2,0.5,19,4.75,362,90.5,8,2,216,54,184,46,0,0,0,0,66,16.1,269,65.61,8,1.95,0,0,15,11.9,15,55.56
2012-13,Puget Sound Educational Service District 121,27,Pierce,27416,White River School District,3733,48,1.29,32,0.86,5,0.13,37,0.99,26,0.7,285,7.63,3139,84.09,198,5.3,1939,51.94,1794,48.06,0,0,55,1.49,521,14.13,1203,32.62,64,1.74,9,0.24,20,12.1,132,69.47
2012-13,Educational Service District 112,,,20405,White Salmon Valley School District,1285,10,0.78,13,1.01,0,0,13,1.01,4,0.31,412,32.06,817,63.58,29,2.26,662,51.52,623,48.48,39,3.02,194,15.04,238,18.45,651,50.47,8,0.62,0,0,19,12.7,52,76.47
2012-13,Educational Service District 101,,,22200,Wilbur School District,252,14,5.56,0,0,3,1.19,3,1.19,0,0,16,6.35,204,80.95,15,5.95,129,51.19,123,48.81,0,0,0,0,24,9.6,109,43.6,2,0.8,0,0,12,14.5,16,76.19
2012-13,Educational Service District 113,25,Pacific,25160,Willapa Valley School District,328,5,1.52,2,0.61,0,0,2,0.61,0,0,37,11.28,259,78.96,25,7.62,165,50.3,163,49.7,0,0,15,4.53,47,14.2,171,51.66,4,1.21,0,0,13,15.9,15,60
2012-13,North Central Educational Service District 171,13,Grant,13167,Wilson Creek School District,162,0,0,1,0.62,0,0,1,0.62,1,0.62,29,17.9,129,79.63,2,1.23,71,43.83,91,56.17,0,0,0,0,24,16.55,85,58.62,1,0.69,0,0,12,20.4,10,71.43
2012-13,Educational Service District 113,,,21232,Winlock School District,690,5,0.72,4,0.58,1,0.14,5,0.72,3,0.43,127,18.41,532,77.1,18,2.61,371,53.77,319,46.23,94,13.56,77,11.11,128,18.47,487,70.27,18,2.6,4,0.58,17,14,32,78.05
2012-13,Educational Service District 113,14,Grays Harbor,14117,Wishkah Valley School District,146,0,0,0,0,0,0,0,0,2,1.37,6,4.11,137,93.84,1,0.68,76,52.05,70,47.95,0,0,0,0,15,10.2,84,57.14,6,4.08,0,0,10,14.6,8,57.14
2012-13,Educational Service District 112,20,Klickitat,20094,Wishram School District,82,10,12.2,0,0,0,0,0,0,0,0,13,15.85,54,65.85,5,6.1,53,64.63,29,35.37,0,0,0,0,26,30.23,85,98.84,9,10.47,0,0,8,12.7,8,80
2012-13,Educational Service District 112,08,Cowlitz,08404,Woodland School District,2252,15,0.67,15,0.67,2,0.09,17,0.75,19,0.84,360,15.99,1782,79.13,59,2.62,1216,54,1036,46,0,0,138,6.24,223,10.09,1084,49.03,37,1.67,23,1.04,20,12.5,75,68.18
2012-13,Educational Service District 105,39,Yakima,39007,Yakima School District,15368,155,1.01,71,0.46,6,0.04,77,0.5,155,1.01,11538,75.08,3043,19.8,400,2.6,7832,50.96,7536,49.04,2776,18.28,4632,30.5,2099,13.82,12713,83.72,167,1.1,8,0.05,19,12.6,516,62.47
2012-13,Educational Service District 113,34,Thurston,34002,Yelm School District,5561,79,1.42,64,1.15,31,0.56,95,1.71,67,1.2,605,10.88,4247,76.37,468,8.42,2863,51.48,2698,48.52,0,0,90,1.63,754,13.65,2534,45.89,158,2.86,0,0,19,11.7,210,71.43
2012-13,Educational Service District 105,39,Yakima,39205,Zillah School District,1312,51,3.89,4,0.3,1,0.08,5,0.38,5,0.38,620,47.26,603,45.96,28,2.13,708,53.96,604,46.04,81,6.13,128,9.68,153,11.57,733,55.45,9,0.68,19,1.44,18,12,49,68.06